read,conmment,title,author,renew,link
4963,26,重磅利好！目前辉瑞疫苗全球排名第一，台湾当然需要。而复星医药是大中华区独家代理，,kissmydick,05-23 14:32,"/news,600196,1037210388.html"
3109,8,复星医药}运行在周线三浪开始位置，主升浪是炒股人做梦都想得到的，每个股票都有主升,维扬装饰施工部,05-23 12:49,"/news,600196,1037199553.html"
4939,9,打一针的身体不适更大，还是两针好！康希诺单针疫苗接种反应更大，正常吗？专业人士解,多体样条,05-23 12:02,"/news,600196,1037116542.html"
5276,9,复星医药到底值多少钱,复利高增长,05-22 23:22,"/news,600196,1037147372.html"
17846,24,复星医药能走多远？看看最新报道新冠疫苗获批在即复星医药“赶进度”：工厂已落地3.,炒股盈家,05-22 23:19,"/news,600196,1036223068.html"
9529,21,四条涉及mRNA疫苗重磅消息：(1)国产疫苗不可靠！不要再嘲讽方舟子：国家卫健委,多体样条,05-22 22:19,"/news,600196,1035650111.html"
30159,225,朋友们，下午好。这次再次压中复星医药阶段性高点和低点（发帖时间基本就在最高点与最,何然静,05-22 22:07,"/news,600196,1034416034.html"
12783,32,新冠疫苗获批在即 复星医药“赶进度”：工厂已落地 3.5亿剂产能已就绪 来源：,寻100倍股,05-21 15:24,"/news,600196,1036177843.html"
11475,30,合资车企告诉中国人：合资换不到技术，所谓市场换技术是谎言,高老庄121,05-20 20:52,"/news,600196,1035287340.html"
16342,85,复星医药必创新高！,丛蓉,05-20 20:51,"/news,600196,1032796070.html"
13378,71,原来大涨可以提前知道，复星医药3月24日这两个指标同时出现，从37.66元涨到最,浙江嘉欣,05-20 20:50,"/news,600196,1034647593.html"
12928,33,今天最后一点仓位也抛了，剩下一百股，尾盘全部进了沃森，当时从沃森分仓资金抄底复星,心态好財自来666,05-20 20:43,"/news,600196,1034502296.html"
14732,99,复星医药的股友们，我是专门挖掘大牛股的，但是并不会每次都分享，以后我会多多分享大,我的名字太响亮了,05-20 18:21,"/news,600196,976604996.html"
66815,554,复星医药，这一波底部极限在37-39元（39.01，37.50区间支撑较强），应,何然静,05-20 15:23,"/news,600196,1010380764.html"
39465,15,}新冠疫苗每年都要打，可能5月上市，股价涨10倍，因每年业绩都增长，需求是长期的,寻100倍股,05-20 11:08,"/news,600196,1028321140.html"
6333,23,复星新冠疫苗最快可能5月上市，股价涨6倍妥妥的！,寻100倍股,05-20 10:36,"/news,600196,1026585879.html"
6869,18,六月是个节点，问问各地居委会就知道接种国产疫苗的指标完成度，七月开始放开进口疫苗,东八区的风,05-20 00:06,"/news,600196,1035922663.html"
5631,11,今天的复星走势明显强过大盘，昨天虽然跌停，但量能放大主要还是盘中多次打开跌停板,zhsu123,05-19 20:15,"/news,600196,1031819330.html"
4380,21,虽然昨天外力引发大幅回调，但复星基本面优秀不改中线上升,霸波龙爪手,05-19 19:41,"/news,600196,1035879417.html"
5100,32,提醒大家关注我的粉，如果你有景峰，明天是最关键的时刻，如果明天不涨停，请离开。格,谷神百分之一二三,05-19 15:27,"/news,600196,1034714833.html"
2632,11,2021/5/17-18净小单流入合计114760万元，平均单价66.33左右，,中国炮灰,05-19 12:54,"/news,600196,1035588092.html"
8899,15,吸粉加速模式，所以让大家有机会发财。切勿错过。希望下月突破10000粉，三四个月,谷神百分之一二三,05-19 10:32,"/news,600196,1035689615.html"
7243,58,拉高抛出！国内不可能有国外新冠疫苗的市场，不看好复星医药代理新冠疫苗的理由,阅读思考发现价值,05-19 08:49,"/news,600196,983782093.html"
51480,1531,"感谢真爱粉、不离不弃风雨同舟,本来想再也不见。晴晴推荐股票对的起粉丝无愧天地，上",晴晴格格吉祥,05-18 17:42,"/news,600196,1032363013.html"
9866,31,继上周五清空复星，加回沃森，个人观点，两个都是好票，风口上的话更看好沃森，这个票,心态好財自来666,05-18 17:01,"/news,600196,1034997503.html"
19392,81,下周数板，复星要先向印渡供苗了！,霸波龙爪手,05-18 15:50,"/news,600196,1034471142.html"
7368,33,康宏药业光这个股价格就值200元糖尿病患者提供一次注射维持数年甚至终生的治疗效果,九天老鹰,05-18 13:23,"/news,600196,1030610373.html"
5617,13,豁免对复星是好事，可以加速拜恩泰克像复星转移技术。扩大疫苗的领先优势。但回到复星,天空之下任飞翔,05-18 11:04,"/news,600196,1035154094.html"
4486,9,周末很多人再问券商板块是否可以介入了，我认为突然性集体大涨并不是我们进去的标准，,趋势将军8,05-18 11:03,"/news,600196,1034673432.html"
16988,49,明天爆杀【外交部：发展中国家希望豁免新冠疫苗知识产权的诉求，中方完全理解并支持】,富可生财的无崖子,05-18 10:51,"/news,600196,1035141741.html"
12577,37,新冠疫苗：复必泰好在哪里？一、三期临有效率超95％，最高的那个；二、三期入组约8,小小散老焦,05-18 09:44,"/news,600196,1032091342.html"
14800,39,新冠疫苗普及在安徽的推进速度，超乎所有人的想象。有关部门统计显示，仅5月14日，,灰太狼201,05-18 09:12,"/news,600196,1034743426.html"
6416,22,复星新冠疫苗：微信小程序“星苗鲸选”已上线新冠疫苗信息登记，mRNA疫苗上市后，,小小散老焦,05-17 08:25,"/news,600196,1034682110.html"
4297,7,明天很关键时刻了，加油吧，控盘流入那么多资金应该不会是为了回调吧？主力控盘应该跟,谁家天上没有人,05-16 23:28,"/news,600196,1034735490.html"
16678,31,复星医药生产的流感疫苗一支难求，还有狂犬疫苗，新冠疫苗一定能成功，因为伴有生产疫,神奇术医炒股参谋,05-16 18:12,"/news,600196,971098177.html"
3830,10,远离泡沫故事板块-医药，一个消息就让股价波动成这样，医药股的成长空间严重透支，现在就靠小心偶尔兴奋一下了。,北斗股侠,05-16 15:50,"/news,600196,1031922059.html"
43916,106,为什么美国会突然开放疫苗专利，你们以为美国佬会那么好心?!,股海漫游V,05-16 15:40,"/news,600196,1031067892.html"
25150,84,今日新仓：复星医药（补发）。学会做散户的叛徒，就是与庄家为伍。强者恒强、弱者恒弱,妖股追击,05-16 15:39,"/news,600196,1032935586.html"
6460,21,俄罗斯卫星V疫苗：开始了！印度开始接种俄罗斯“卫星V”新冠疫苗界面新闻发布时间:,多体样条,05-16 14:47,"/news,600196,1034595757.html"
2082,6,看看这个疫情，十亿剂的产能太少了！安微新增的几例要是已打了疫苗又染上，那证明最后,股友1M7kiC,05-16 13:07,"/news,600196,1034533832.html"
11115,63,美国准备放弃新冠疫苗专利，以美国的本性，不仅不趁机大捞一把，反而扔掉了，只能说明,慢牛很慢,05-15 22:58,"/news,600196,1031164669.html"
5775,17,中国支持疫苗知识产权豁免是全球大局考虑，早点控制疫情恢复正常才是重点全球疫情对中,首赫888,05-15 17:29,"/news,600196,1034544724.html"
11011,18,中国支持对疫苗支持产权豁免，与复星医药无关联！知识产权不是疫苗本身的价格（专利在,多体样条,05-15 16:28,"/news,600196,1034547303.html"
9681,8,$复星医药(SH600196)$据路边社最不可靠消息，复必泰迟迟没有报批，是有诸,搬砖的股民,05-15 15:30,"/news,600196,1033312432.html"
3266,6,学证券的文科生好像都比较喜欢医药股，美其名曰日本美国股市医药股如何如何大涨。我劝,面向大海123,05-15 00:22,"/news,600196,1034479843.html"
15328,17,迎来了实质性的利好，又经过了上周五的洗盘，周一大涨是必然的！复兴疫苗很快会被批准,AAA12345,05-14 23:51,"/news,600196,1032103594.html"
17851,13,只要中国一天不批准复必泰上市，复星医药就会一直往上涨,FX600196,05-14 19:36,"/news,600196,1032603746.html"
66960,1196,立帖为证！复星必涨！！不到100不减仓！！！今天重新开贴！我曾经在旧帖说过，选股,七分良玉,05-14 12:20,"/news,600196,996268161.html"
3026,13,以后国内打疫苗，还是要靠辉瑞（不过我觉得国内会换个名字，哈哈哈），记住我这句话，,炎火燎原,05-12 05:57,"/news,600196,1032736655.html"
20604,34,复星持有Biontech德国疫苗公司1580777股份，市值约3亿美元（20亿人,hanaw,05-11 18:00,"/news,600196,1031959145.html"
17411,59,辉瑞mRNA依然是新冠变异病毒覆盖率最广、副作用最小事故率最低的一款顶级疫苗。有,kissmydick,05-11 17:57,"/news,600196,1030851749.html"
7723,47,《复星医药过100元专贴》,复利高增长,05-11 10:32,"/news,600196,1030750861.html"
28013,139,康希诺、国药等国产疫苗越成功，复星代理的外资疫苗越没国内市场！高抛是战胜庄家法宝,阅读思考发现价值,05-11 10:09,"/news,600196,967069703.html"
6097,26,"概念可投机一时,但最终会回归！要舍得卖，不求卖最高点!",阅读思考发现价值,05-11 07:26,"/news,600196,953774416.html"
4352,13,复星196自4月16日缓步上行之后，于最近三交易日突然发力，一举突破60大关，我,狙击全股,05-10 20:43,"/news,600196,1030614484.html"
3986,15,予计下半年美国第四大波不可避免，复星突破388以上,霸波龙爪手,05-10 18:47,"/news,600196,1031924190.html"
5623,18,谈点个人看法，第一次在吧里说几句个人观点，不喜勿喷。一、美国宣布放弃疫苗知识产权,木子99995,05-10 10:22,"/news,600196,1031314735.html"
9348,40,预计复星2021年还有一次定增，增发价100元,霸波龙爪手,05-10 10:21,"/news,600196,982661268.html"
4120,17,觉得好就留下，觉得不好就走，就这么简单。复兴投资多领域，但研发医药也投入不小。上,木子99995,05-10 09:51,"/news,600196,1027649077.html"
7755,61,《复星医药：先看百元、然后三百元、目标千元专贴》,复利高增长,05-10 09:44,"/news,600196,1030772501.html"
8362,24,复星医药子公司拟与BioNTech设合资公司实现mRNA新冠疫苗的本地化生产及商,悠着点买,05-10 09:29,"/news,600196,1032071272.html"
4483,10,辉瑞总裁的公开信今天，我发送了这封信，与我的同事们就获取COVID-19的动力与,Flying006,05-09 22:54,"/news,600196,1032062745.html"
5848,10,暂免新冠疫苗专利保护，仍然有争议印度与南非在2020年10月向世界贸易组织提议，,Flying006,05-09 18:19,"/news,600196,1031372722.html"
5746,15,复星医药 和 国药集团 及 国药集团新冠灭活疫苗 的关系,aliella,05-08 20:57,"/news,600196,1031935924.html"
22084,42,疯了！复星港股逆市暴涨19.55%，现在美股bioNTech已经涨至200美元，,kissmydick,05-08 17:41,"/news,600196,1030737779.html"
7372,27,复星mRNA疫苗最终会变成白菜价,封狼燕然,05-08 16:47,"/news,600196,1031396094.html"
8784,21,出国最好辉瑞和科兴一起打 双重免疫,粤E的追涨杀跌,05-08 16:02,"/news,600196,1031401049.html"
4976,7,前天写了关注大宗顺周期行业股要大涨，昨天铝，锡，铜，铁煤和种植业农头纷纷大涨，这,股海无神人,05-08 16:02,"/news,600196,1031408145.html"
10366,18,国药产业投资公司是由国药集团/51%和复星医药/49%合资成立的。而国药产业投资,kissmydick,05-08 16:02,"/news,600196,1031900653.html"
1351,8,我站在坑口大声疾呼，有票的明天找高点火速逃命，没票的不要被忽悠进去当接盘侠，技术,玖月鹰起,05-07 16:26,"/news,600196,1031301602.html"
6916,105,【宜将剩勇追穷寇，不可沽名学霸王】大盘还是延续了上月的走势，题材低迷的情况下资金,钱道逻辑LDJGGH,05-07 13:21,"/news,600196,1031314779.html"
2741,16,注射了两针辉瑞疫苗的美国专家，魂断恒河！复星疫苗效果几何？[为什么][为什么],天风研报金股AAA,05-07 12:18,"/news,600196,1030845821.html"
9802,22,平潭发展000592医美+木材+澳大利亚事件概念股+碳中和复星医药1、医美：公司,吴小割,05-07 09:17,"/news,600196,1031373577.html"
15824,25,不得不承认郭广昌是个超级商人！营销大师！打擦边球在微博上发利好消息，而不是正规公,杭州小哥哥,05-07 08:59,"/news,600196,1030858056.html"
25006,28,2个小时前的新消息，复星医药利好！明日又涨！原标题：复星诊断新冠病毒抗原检测试剂,木子99995,05-07 06:35,"/news,600196,1029916211.html"
14285,24,复星医药的目标应该是一口气突破80甚至120元，疫苗龙头！复星医药会带领智飞生物,直隶壶公,05-07 06:31,"/news,600196,1030792057.html"
3594,8,疫苗'专利可不是放开随便谁都能生产的，谈仿制哪家强？中国制造！有技术，有能力，有,发现庄家我来了,05-07 06:19,"/news,600196,1031369246.html"
9471,21,恭喜今天买入的股友！股民很快就会醒悟，无论辉瑞疫苗专利公开与否，对复星医药都是利,kissmydick,05-06 22:51,"/news,600196,1031328015.html"
6931,20,美国放弃新冠疫苗知识产权专利，那中国把美国的疫苗专利也拿过来生产，海外要啥疫苗咱,彼此6666,05-06 21:51,"/news,600196,1031296116.html"
1768,35,复星节前涨停，节后第一交易日又放量跌停，我不担心别的，就怕象去年炒作疫情概念之后,潜伏潜力价值股,05-06 21:43,"/news,600196,1031339899.html"
2392,7,美国佬出阴招了！知道他们的疫苗有副作用，中国疫苗又得到世界认可，索性把桌子一掀，,股友apsk309303,05-06 20:21,"/news,600196,1031320255.html"
3722,12,看了几天的资金流向，明天应该问题不大吧？虽然今天抄底了，心慌慌的，肯定希望他能涨,谁家天上没有人,05-06 18:33,"/news,600196,1031293017.html"
4697,11,复星医药：炒股只是借鸡下蛋而已，千万别整出感情来。能上热门榜一的，说明散户超级多,锁定转角目标,05-06 17:27,"/news,600196,1031167186.html"
16825,40,复星与BioNTech合资以后将是疫苗大玩家，预期差很大，超越智飞生物,宁静致远1118,05-06 15:50,"/news,600196,1030478151.html"
2140,21,“益阳斌”节前来达安基因吧吹复星医药~涨停板，贬达安基因是“狗si”！今日...,默默地追寻,05-06 13:51,"/news,600196,1031157908.html"
9031,15,澳门新冠病毒感染应变协调中心今早(3月24日)率先公布暂停接种消息，直至另行通知,雪夜孤鹤,05-06 09:31,"/news,600196,1030602000.html"
3821,19,印度美国援助教授注射2次辉瑞疫苗后，仍因新冠死于印度，对复星是重大利空，因为其同,长期结构震荡市,05-05 19:25,"/news,600196,1030834517.html"
20899,52,在色列两名年青人接种辉瑞疫苗后死亡，其中一名22岁的妇女和一名35岁的男子死亡。,寻100倍股,05-05 09:28,"/news,600196,1027823651.html"
12017,36,【郭广昌：将有15000台迈卓制氧机在未来运往印度】复星集团董事长郭广昌在个人微,投资or投机62,05-05 08:55,"/news,600196,1030658025.html"
5529,7,公告；鉴于近期股价上扬，且本公司并无收购重组并购等活动，本股东决定减仓，特此公告,灰太狼201,05-04 22:18,"/news,600196,1030729501.html"
6140,23,谁能来说一下，复星医药商誉还有短期借债这么高，难道没有一点风险吗，估计马上会爆雷,上海机哥巴菲波,05-04 19:08,"/news,600196,1030795396.html"
22425,121,未来10年复星市值超越茅台！乙醇是一级致癌物质！复星医药是国药控股第二大股东，国,snsy,05-03 20:58,"/news,600196,969841711.html"
5351,15,突发：阿联酋单日新冠肺炎确诊人数暴增近两倍，达6247人！阿联酋自2020年12,小小散老焦,05-03 20:05,"/news,600196,1019331725.html"
3407,11,复星的肉毒杆菌题材,涨停军师,05-03 17:28,"/news,600196,1024664104.html"
10448,12,楼主观点胆子够大，但仔细分析复星的中德合作mRNA新冠疫苗的特殊效果，全世界新冠,存在活着往前走,05-03 16:53,"/news,600196,1030581489.html"
7596,32,复星医药会跌到哪，我相信没人知道。复星医药还会涨到50～60吗？我个人觉得一定会,愚公移山T不停,05-03 10:49,"/news,600196,1016540225.html"
2849,8,$复星医药(SH600196)$$重发去年9月发的旧贴，现在还适用。复星医药(S,搬砖的股民,05-03 08:57,"/news,600196,1030597354.html"
6711,45,复星这一波80！五月上旬盘整后80—100，消息面上疫苗获批可能同内地获批生产同,箜篌朱字,05-01 16:29,"/news,600196,1030417877.html"
4874,15,提醒大家一下，复星尾盘卖出两万手有蹊跷，有古怪,高老庄121,05-01 12:24,"/news,600196,1030451243.html"
4056,8,复星医药600196最近这个票走势稳健且强劲拉升，公司发展利好不断，再加之国外疫,sherwin1,05-01 10:12,"/news,600196,1029485523.html"
7593,47,近十五个交易日主力流入大概十七亿！目前预测成本四十五！参考以往的尿性！跌一个点可,中国炮灰,04-30 18:24,"/news,600196,1028046611.html"
3317,14,下午有望涨停,股友OlRUpK,04-30 10:22,"/news,600196,1028612598.html"
4053,9,和去年一样三月份布局，一直持有到年底，收益虽然不如做波段的，但翻倍也已经很可观了,GBmasterXIUGE,04-29 22:10,"/news,600196,1029774234.html"
6398,32,大家别忘了，复星可是有印度市场的,霸波龙爪手,04-29 15:12,"/news,600196,1028715009.html"
11422,29,$复星医药(SH600196)$“关于BNT162b2疫苗何时可以在中国内地使用,搬砖的股民,04-29 06:24,"/news,600196,1028776180.html"
17114,38,今天进的，刚刚看到复星的商誉86.77亿。吓我一跳。长期坚守复星股友可以给说说吗,韭菜女皇,04-28 22:27,"/news,600196,1026590745.html"
6834,69,复星仅获BioNTech授权在中国大陆及港澳台地区销售,心向阳无往不胜,04-28 12:07,"/news,600196,978101381.html"
3467,17,国药一个医药企业，澄清了与疫苗无关后，站岗的小散和坏庄都来宣传国药的运输，一个医,夏天可乐不加糖,04-28 07:22,"/news,600196,986373219.html"
6518,16,这货套了不少人，好好拿着就对了，上周反复试盘触碰40并站稳，应该是底部，敢再次破,心态好財自来666,04-26 23:49,"/news,600196,1021011118.html"
8879,16,印度的疫情已然完全失控，甚至是崩溃。4月22日超31万例、23日超33万例、24,程程1496,04-25 20:04,"/news,600196,1027745675.html"
5182,10,现在看拜恩泰科与复星在上海合资建厂，生产新冠疫苗的事情应该是没什么问题的了。接下,存在活着往前走,04-25 14:45,"/news,600196,1027637572.html"
3418,8,复吹别乱吹了，不管疫苗咋样，下周该小调一下。负一个点开盘就行了，然后直线再下砸二,灰太狼201,04-25 10:13,"/news,600196,1027685154.html"
2945,6,看多看空实际没多大意义，这股庄家绝对老手，都是反常规操作，还是得看与bntx合作,看别人吃药喝酒,04-24 00:17,"/news,600196,1027487091.html"
3200,6,50只是半山腰，好戏还刚刚开始预演，真真的大戏还在后面慢慢来，你有能耐可以踏准节,存在活着往前走,04-23 22:30,"/news,600196,1027534867.html"
4657,8,我的实盘热帖被沉了！但这不重要！能看到一个就看！反正你们也没几个敢信的！我要走了,中国炮灰,04-23 09:32,"/news,600196,1026813808.html"
8234,18,复星BNT162b2新冠疫苗最快可能在5月份上市。,寻100倍股,04-22 14:48,"/news,600196,1026365703.html"
16659,87,散户想买此股的几点建议:1、中长期持有(3个月以上)最好3年;2、保有底仓(50,股股吹吹,04-22 13:40,"/news,600196,955357494.html"
8412,10,下周开始复星进入上升通道，高看一线55！疫苗获批在即，很可能就在5/1假期前。持,Black洞资本,04-21 10:50,"/news,600196,1025017557.html"
4339,8,五分钟图复星40.20双底背，裸k羚羊挂角吞没，日线回踩万能均线，反复纠结34均,港口未来,04-16 18:48,"/news,600196,1024301237.html"
9533,19,放倍量成功突破横盘整理区间上沿41的复兴医药，今天的反弹行情可圈可点，受水平压力,港口未来,04-16 12:43,"/news,600196,1021854243.html"
15619,24,终于等到好消息了！2021年04月13日，中国第3大生物制药公司，复星集团，宣布,王先生ABH,04-15 15:50,"/news,600196,1023849035.html"
9626,42,疫苗大概率是要批了，到现在这个时候，想打国产疫苗的都已经打了，剩下的，不是不能打,逍遥一散户,04-14 14:35,"/news,600196,1021523874.html"
27875,144,澄清一些有关复星医药疫苗审批的问题,aliella,04-14 14:27,"/news,600196,1004023577.html"
15388,52,关于复星医药、BioNTech和辉瑞的关系，还有人没弄清，再啰嗦一遍。,aliella,04-13 20:17,"/news,600196,1005395134.html"
12008,25,疫苗的5个受理号确实在CDE消失，但在NMPA……,aliella,04-13 19:24,"/news,600196,1002382732.html"
7962,6,疫苗快了！徐晓亮：经过多方的努力，我们在三月初就在香港和澳门推出接种。疫苗是全球,综合法律者,04-11 23:04,"/news,600196,1022317212.html"
4868,19,从筹码分布上看，复兴医药的45以上的套牢盘重压，主力有心拉升却是无力回天，颓势明,港口未来,04-08 17:37,"/news,600196,1019610875.html"
2361,9,复兴医药按投资公司算1.5倍市净率值18－20元400－500亿市值，按创仿结合,雨龙5570359,04-08 12:56,"/news,600196,1018487762.html"
9553,48,复星一针抵国药五针，复必泰优势终将获国人认可,霸波龙爪手,04-08 11:42,"/news,600196,1019457636.html"
10936,12,没办法，只因复必泰疫苗太优秀，怕国产竞争不过，所以迟迟未批。回总之前一直和相关部,一个gm,04-04 11:17,"/news,600196,1019865677.html"
7954,19,复星医药：2020年年报点评！复星医药2020年实现净利润36.6亿元，同比增长,小小散老焦,04-02 12:53,"/news,600196,1018238086.html"
5681,28,不用怕，盖子出了点问题却反映了另一重大信息,霸波龙爪手,04-02 10:47,"/news,600196,1016433089.html"
5946,17,你们难道都没感觉吗？前段役苗主援外，现在内部全面开打铺开了,霸波龙爪手,04-02 10:41,"/news,600196,1016915278.html"
4652,19,连续缩量横盘的复兴医药已经开始有增量资金入场，无论是意志不坚定的割肉离场或者是自,港口未来,04-01 13:53,"/news,600196,1018873663.html"
4441,16,明天复星的反弹行情依然会延续，大概率再次冲击日内也是近几日的阻力位40.04，并,港口未来,04-01 09:35,"/news,600196,1018430128.html"
2873,23,今天卖了没买（赚了6.4%），只要考研复试，希望周三出结果，没心思折腾股票，等我,愚公移山T不停,03-30 13:46,"/news,600196,1017946997.html"
20118,52,复星医药：2021年一季度赢利大增可期！一、2020年一季度，受新冠疫情影响，复,小小散老焦,03-30 12:24,"/news,600196,1015058091.html"
5744,12,我真的很喜欢上升通道的股票但我总是在建仓阶段买下降通道的股票，因为我是1～3年的,愚公移山T不停,03-29 13:33,"/news,600196,1017535183.html"
4102,20,周一肯定暴跌，从复宏汉霖报表就能看出来（提前计提），为了21-23年的股权激励在,致恒,03-29 09:37,"/news,600196,1017385916.html"
6102,7,港府：复星、BioNTech认为无证据显示抵港复必泰疫苗有安全风险,aliella,03-29 07:29,"/news,600196,1017539724.html"
14943,120,论复必泰内销20亿剂并协助外销50亿剂（打气篇）,霸波龙爪手,03-27 20:14,"/news,600196,987893637.html"
5425,17,那些拿不住的朋友们，不妨看看年k，这点波动根本不算什么，复星的基本面变了吗，没有,青青翼草,03-25 23:24,"/news,600196,1016800959.html"
5919,28,为什么说复星医药现在估值比恒瑞医药还贵？,FX600196,03-25 09:00,"/news,600196,1015638410.html"
2872,8,$复星医药(SH600196)$＇低位横盘出利空，挺有点意思，欧美，以色列等国家,搬砖的股民,03-25 07:13,"/news,600196,1016485505.html"
9178,30,研究：辉瑞疫苗对在巴西、英国、南非发现的变异新冠病毒均有抑制能力,aliella,03-25 05:17,"/news,600196,1010998668.html"
8323,13,两条新闻标题：1、康希诺有效率65.7%；2、阿斯利康疫苗对南非变异病毒效力减弱,aliella,03-25 00:28,"/news,600196,1004284676.html"
2844,10,翻一下20年3月的公告对照看看gou托的误人帖子,股友OlRUpK,03-24 23:50,"/news,600196,1009795822.html"
5944,45,我呸！莫不成等国内地摊药企研发的疫苗都批准完了才批世界排名可能是第一的疫苗内地上,踽踽人世间,03-24 18:08,"/news,600196,1013999113.html"
9435,41,今年春节第一天又建立了一个账户，满仓买了复星医药，这第一笔投资逆势就开启了下跌之,愚公移山T不停,03-24 17:57,"/news,600196,1015789659.html"
4661,11,有一股阴暗的力量不遗余力地打压复星医药。是谁呢？我想肯定不是广昌同志。复星医药的,三千点玩十年,03-23 07:58,"/news,600196,1015419831.html"
4260,27,复星医药仅仅只是中国境内的代理销售，没有其他，国药集团董事长巳经说了，国家202,板块轮番上涨,03-22 10:35,"/news,600196,977481068.html"
26667,211,朋友们，新年快乐！近两月股票确实没跑赢指数，调整好心态，整体看问题不大。复星医药,何然静,03-21 12:09,"/news,600196,1005328978.html"
3548,10,国内疫苗才比较安全，经过了多重考验。不要打国外疫苗，欧美印度自己国家都控制不了，,启航投资ABC,03-19 20:21,"/news,600196,1014896696.html"
2618,9,广昌同学每到业绩发布会总说我的公司多会赚钱，投资者为什么不认可我公司的价值？公司,一个gm,03-19 11:09,"/news,600196,1014514744.html"
2422,6,重庆药友治疗晚期实体瘤YP01001胶囊获临床试验默示许可,aliella,03-18 21:47,"/news,600196,1013608991.html"
75644,319,复星医药，个人今天53.06区间再次开始建仓。自79.19开始回调已经超过百分之,何然静,03-17 17:48,"/news,600196,959798954.html"
7712,11,昨天大资金想试水，但套牢散户不给面子,高老庄121,03-16 13:57,"/news,600196,1013296408.html"
5622,8,3月10日起，香港正式面向市民公众大规模接种复必泰新冠疫苗。同时，特区政府表示：,把你们想的太好了,03-14 19:12,"/news,600196,1012130206.html"
6748,7,复星医药股权激励面不够宽，88人。但比起华大基因直接拿公司盈利发12亿元奖金强太,三千点玩十年,03-13 19:46,"/news,600196,1012666902.html"
4371,13,辉瑞疫苗副作用18061起异常事件,科创板先锋,03-13 08:16,"/news,600196,1007021765.html"
2721,37,买入复星医药，这半个月来，就像吃了一个死苍蝇，让人恶心至极！,生意四海de李寻欢,03-12 11:03,"/news,600196,988058477.html"
5792,13,郭总显然误判了形势，没想到国内病毒控制待这么好，没想到病毒疫苗开发这么顺利，没想,就这么简单16tn8b,03-12 10:18,"/news,600196,1012127695.html"
4979,21,复盘5小时，慎重得出结论：这波调整已经结束，从今天（公元2021年3月10日）开,扛住套不住,03-12 01:58,"/news,600196,1010921600.html"
12949,62,复必泰疫苗第二次付运抵港,科创板先锋,03-11 21:42,"/news,600196,1009971364.html"
5608,17,仔细来翻了一下复星的股价，从2020年8月6号最高价79.19元一一2021年3,有股真开心A,03-10 11:25,"/news,600196,1010922192.html"
3763,18,16:32【陈薇、钟南山团队均已部署新型疫苗研发】财联社3月6日讯，近日，在两会,稀土不当白菜价,03-10 11:09,"/news,600196,1009896405.html"
6539,19,郭定增，定增50亿，股价跌了上百亿，我来分析一下,高老庄121,03-09 10:37,"/news,600196,1009613413.html"
3349,12,那个55元狂吹复星疫苗的“霸波龙爪手”呢？,高老庄121,03-09 10:20,"/news,600196,1009921425.html"
1967,7,再次阐述：复星医药并不缺钱，是因为不断地玩弄资本游戏而不断地非公开发行股票，变相,游刃有余2016,03-05 21:58,"/news,600196,1009770553.html"
5136,53,复星代理外资疫苗已无国内市场！原财长楼继伟：本人已注射两剂，很好[献花][献花],板块轮番上涨,03-05 19:03,"/news,600196,978609447.html"
3796,20,复星连续两天成交量跌破10亿，今天尾盘抢筹，明天疫苗到港，下周开启主升浪[上涨],益阳斌,03-04 13:36,"/news,600196,1007848192.html"
5897,13,人保己经为复星进行了备书，一是战略安全大好事，二是复星自己的疫苗，解决了国产化问,王风一,03-04 10:44,"/news,600196,1007969588.html"
10314,33,本周弱反弹目标看48.12，不排除切入48.40以上阴线实体四分之一位即48.8,三千点玩十年,03-04 10:42,"/news,600196,1008449248.html"
6954,8,在国内疫苗接种率达到一半之前，不会让复星疫苗在大陆上市。抬杠没用，生死是大事，智,东八区的风,03-02 09:37,"/news,600196,1007992716.html"
5279,11,真是塞翁之马焉知非福啊兄弟们！现在市场这走势氛围。复星医药是等于先与白马们调整了,离人不送,03-01 15:51,"/news,600196,1007962092.html"
4336,10,看清楚公告中,股友OlRUpK,02-26 18:10,"/news,600196,1007587635.html"
8708,14,预计复星疫苗最快本周四抵港，首批至少提供100万剂,生意四海de李寻欢,02-25 08:12,"/news,600196,1007047717.html"
2593,8,复星疫苗申报中数据不全,股友OlRUpK,02-24 23:23,"/news,600196,1006387159.html"
4294,15,复星医药郭总你好，本公司基本面很好呀就是不涨，你看看恒瑞医药智华生物等创新药里都,sadfsafdr,02-24 12:12,"/news,600196,1006886152.html"
7539,30,复星仅是国内代销权，复星与BioNTech合作协是若研究成功，仅仅是mRNA疫苗,板块轮番上涨,02-24 10:06,"/news,600196,977479209.html"
3543,9,$复星医药(SH600196)$为了避免国产疫苗无人问津，进口趋之若鹜的尴尬局面,搬砖的股民,02-24 09:57,"/news,600196,1006806509.html"
5315,16,复星医药郭总你好，你都伤了投资人的心牛市开门你连续都跌四天了这就是你生财有道吧，,sadfsafdr,02-23 18:59,"/news,600196,1006675426.html"
8784,14,复兴医药是个好股票，只是因为炒新冠疫苗概念掉坑里了！谁想到会全民免费？国家肯定优,股市幸运命,02-22 15:14,"/news,600196,1005403626.html"
9022,16,疫苗批下来又怎样？我就不明白，大家都在等有关方面消息，这早已不是什么突发利好，难,今天签到,02-21 19:05,"/news,600196,1006114451.html"
12652,62,今天简单聊一下复星医药，这只股我从19年底拿到现在，大概一年多一点的时间，目前大,复旦之星,02-20 18:49,"/news,600196,1003237989.html"
7375,23,首批供港疫苗已运抵香港 26日启动疫苗接种工,jinzaikun,02-20 17:14,"/news,600196,1005967479.html"
8225,17,比较一下恒瑞和复兴的净资产、营收和净利润，恒瑞和复兴差不多，但恒瑞市值是复兴的4,愚公移山T不停,02-19 21:10,"/news,600196,1005691273.html"
3648,31,康希诺国产疫苗越成功，复星代理外资疫苗越没国内市场！冲高减持不要再韭菜,阅读思考发现价值,02-18 11:39,"/news,600196,967062999.html"
2043,8,行情总在绝望中产生，从疫苗、冷链、创新药板块中市盈率、市净率、毛利率、涨幅等去比,益阳斌,02-13 19:13,"/news,600196,1004298326.html"
10660,33,三十六万中小投资者今天从股市套现过春节的应该有很多吧？我能做到的只能说这么一点点,三千点玩十年,02-12 11:04,"/news,600196,1004530757.html"
6896,11,复星医药首席医学官：mRNA新冠疫苗与国内传统灭活疫苗并非竞争关系】复星医药高级,龙腾鳳起,02-11 17:47,"/news,600196,1003237236.html"
5787,14,3名诺奖得主点评新冠mRNA疫苗：可用于更广泛的治疗澎湃新闻02-0816:35,益阳斌,02-10 09:29,"/news,600196,1004413167.html"
2295,18,复星的高管饭桶，别整天发些不三不四的公告，既然年前疫苗批不下来，那就赶紧把香港、,益阳斌,02-09 09:19,"/news,600196,1004216836.html"
5667,18,复星疫苗胎死腹中,股友OlRUpK,02-09 00:02,"/news,600196,1003822166.html"
15914,31,本轮复星上150~180,霸波龙爪手,02-09 00:00,"/news,600196,999535147.html"
4521,21,复星是公告小王子但为何2个批件不公告,股友OlRUpK,02-07 07:35,"/news,600196,1003676550.html"
5071,43,一大堆割肉的喊着跌停，呵呵，都跌到50了还能跌到哪里去？45？做梦吧？去好好研究,益阳斌,02-05 15:03,"/news,600196,995994946.html"
6748,38,散户们一起行动起来革机构的命--帮助郭广昌先生走出被压迫的困境,rmnb111,02-05 14:12,"/news,600196,1002181041.html"
1482,9,很多韭菜觉得复星靠投资初创企业。扩张的道路不对，真实韭菜中的韭菜啊，腾讯就是靠这,现2021在就要幸福,02-05 14:11,"/news,600196,1003138957.html"
3808,13,财运是个很现实又特别玄幻的存在！一直关注的盛和资源、多氟多、阳光电源被默默地错过,三千点玩十年,02-04 23:00,"/news,600196,1002731320.html"
20527,71,复星医药短期应该在49.50-62.50区间震荡。主要还是在震荡筑底加洗盘，中期,何然静,02-03 19:38,"/news,600196,980431031.html"
8607,24,复星医药董秘你好，郭广昌炒作七家上市公司，多种经营呀，但是不要忘了复星医药是母乳,sadfsafdr,02-03 00:35,"/news,600196,1001520675.html"
3057,10,短期反弹触五天线，现价也恰好在45周线附近，看能明后天否继续发力。持仓比例较大的,三千点玩十年,02-02 16:09,"/news,600196,1001696658.html"
7053,27,周线中阴-12%，下周处怎么说都有机会触底反弹确认一下短期是否有效破位吧？春节前,三千点玩十年,02-01 13:47,"/news,600196,1001364188.html"
3083,10,等待拿证了，应该特事特办会很快，中德合作的典范事件，洗盘也结束了，到底是复星还是,生意四海de李寻欢,02-01 10:31,"/news,600196,1001514649.html"
15310,160,到今天，我已在股市打拚25年了，心中充满了无限感慨,南沙居士,01-31 22:15,"/news,600196,950791567.html"
5365,22,按道理打破重要支撑必须止损出局或尽量回避飞刀。但，基于对复星医药未来较乐观的发展,三千点玩十年,01-30 19:33,"/news,600196,1000986970.html"
13380,50,覆巢之下，安有完？复星今天顺势下跌，到达趋势线支撑位47元。曾经预言，如果股价,风不会停息12345,01-30 16:46,"/news,600196,1000712660.html"
4192,7,复星医药近期的走势真不咋地，让人吐槽。开始有人比较辉瑞，比较白药。复星医药怎么能,游刃有余2016,01-30 14:33,"/news,600196,1001333250.html"
9117,20,复星系股票清单：不要买！复星医药、上海钢联、海南矿业、南钢股份……记住它们不要碰,A股剑客,01-30 10:56,"/news,600196,1001003232.html"
30744,226,获利再回吐是否很难受？股价的震荡在股市里太正常了。搞价值投资，首先要有好的心态和,何然静,01-29 21:37,"/news,600196,990997557.html"
9843,33,复兴经过这两天的挖坑洗盘，明日必定反弹,信我你就能赚钱,01-29 21:03,"/news,600196,1000627989.html"
13679,41,明天如果击穿49，会不会直接冲出45的平台下轨？45周均线目前在46.18元，每,三千点玩十年,01-29 17:21,"/news,600196,999943551.html"
2929,22,"放心持股,出了这么多利好,如果是出货的话早就出完50元不保了",霸波龙爪手,01-29 13:00,"/news,600196,999850928.html"
6343,35,复星到底怎么了？按利润和营业额，虽然不算突出，按行业排名市值也应该在3000亿左,土土大人,01-28 22:19,"/news,600196,1000444384.html"
2871,7,中国为何生产灭活疫苗，疾控中心主任：mRNA疫苗无法排除副作用临近年末，新冠疫情,steelne,01-28 12:03,"/news,600196,992379097.html"
6787,75,嫁给会炒股男人的优势,南沙居士,01-27 16:59,"/news,600196,953806613.html"
8966,20,值得一提的是，复星当初认购的BioNTech股票，如今已涨至105.45美元上，,存在活着往前走,01-27 15:06,"/news,600196,999584904.html"
5731,15,昨天这么大利好，复星怒涨2分，郭老板，鸡狗连续砸你的盘有何感想？是否增持点A股反,益阳斌,01-27 12:02,"/news,600196,999846228.html"
6556,12,复星医药在mRNA新冠疫苗BNT162b2获认可于中国香港紧急使用的新闻发布会上,dingli915,01-27 01:15,"/news,600196,999911530.html"
2375,3,看看世卫组织总干事谭德塞对疫苗怎么说---------呼吁公平分配疫苗谭德塞表示,木子99995,01-26 23:50,"/news,600196,999902533.html"
2916,13,一点疫苗看法,严格指标000001,01-26 21:07,"/news,600196,999871980.html"
4296,27,来来来。拯救死多。美国疫苗致多人死亡，希腊媒体透露细节，美急于求成埋下隐患！据希,主力哪里逃,01-26 14:44,"/news,600196,985572216.html"
2517,11,潜龙重大操作,潜龙股市,01-26 13:20,"/news,600196,999498920.html"
2858,11,【17:40】食物及卫生局公布，局长陈肇始今日根据《预防及控制疾病（使用疫苗）规,谢射8381,01-25 22:03,"/news,600196,999475480.html"
7057,16,机构全出逃也拿不到定增，只能压盘吸货,霸波龙爪手,01-25 22:02,"/news,600196,999302777.html"
7704,21,从前、现在过去了再不来，红红落叶长埋尘土内。（复星埋了几个月）开始终结总是没变改,柳眉弯弯,01-25 11:57,"/news,600196,999053798.html"
4981,23,"变亦狼来了,复星最大亮点1亿剂mrna苗将成为中流砥柱十分珍贵!",霸波龙爪手,01-24 19:22,"/news,600196,998947244.html"
25480,106,复星II期做完后将成为第一只有役苗上市的国内上市公司,霸波龙爪手,01-24 12:23,"/news,600196,976236618.html"
7412,15,复星疫苗时间节点,股友OlRUpK,01-24 11:34,"/news,600196,998952637.html"
2031,6,复星医药董事长兼CEO吴以芳荣获第十三届健康中国论坛十大医药产业人物作者：丁香园,益阳斌,01-24 09:30,"/news,600196,998920882.html"
22655,100,论大蝈蝈的投资境界远超恒瑞，复星价值过万!,霸波龙爪手,01-23 20:20,"/news,600196,977170556.html"
2509,14,"一旦变亦病犊闯进来,复星苗将成唯一救命药",霸波龙爪手,01-23 19:59,"/news,600196,997536608.html"
2456,12,需要注意的是，尽管复星医药和恒瑞医药相比有所差距，但这却并不意味着复星医药没有看,笑中思lb,01-23 11:35,"/news,600196,998899249.html"
8711,61,事实是什么,沐浴阳光LH,01-22 14:05,"/news,600196,996584297.html"
6738,31,明牌,xyz849563453,01-22 12:51,"/news,600196,996232079.html"
3461,7,复星我在50左右也进了不少，大家不用担心，这个位置已经没有多大的杀跌动能，加上各,A股剑客,01-22 12:13,"/news,600196,998381600.html"
13024,16,港股：郭广昌或其一致行动人增持复星医药股份250万股,A股剑客,01-22 10:46,"/news,600196,998433640.html"
4986,9,挪威疫苗，有什么讨论的，看看挪威在干什么，继续抢购b2疫苗，继续大规模接种。疫苗,修身炒股行天下,01-21 00:50,"/news,600196,996961271.html"
11388,18,复星医药为什么不受机构重视？关注度就那么低？第四轮集采怎么说也有4个药品过评了，,木子99995,01-20 22:24,"/news,600196,997683107.html"
2828,10,这几天都是快速拉升，慢慢压盘而出货，这说明：1.庄家控盘2.有试盘倾向3.庄家想,巧笑美目倩兮盼兮,01-20 10:59,"/news,600196,997639895.html"
9937,32,大家为啥总是把复星和疫苗捆绑到一块[滴汗]，看看复星的其他管线，再想想复星的国际,青青翼草,01-19 18:10,"/news,600196,997056447.html"
4633,16,看看港股最近涨了多少？就知道a股复星已经是底部了别妄想着再大幅回调了我满仓唱多等,sdfasds22,01-18 13:45,"/news,600196,997001420.html"
5243,15,公告说，美国辉瑞公司和德国生物新技术公司合作生产的信使核糖核酸(mRNA)疫苗在,佛山黄大仙,01-17 23:28,"/news,600196,996866098.html"
4836,12,中欧投资协议刚刚落地，马克龙邀请默克尔一起到中国谈医药和环境上的合作，最近国内却,from_zero,01-17 17:51,"/news,600196,996833744.html"
2786,17,今天板块轮动，疫情股上位！复星收小阳，主力净流入1.2亿，尾盘收盘接近高点，盘中,益阳斌,01-16 23:58,"/news,600196,993535420.html"
3544,10,目前只不过是底部整理，时日不会超过5个交易日便会逐渐小幅上行了。确实底部还差那么,木子99995,01-14 16:51,"/news,600196,996000877.html"
6435,47,国内首款复星医药旗下CAR-T细胞疗法获批临近原作者:徐红2021-1-1215,益阳斌,01-14 15:42,"/news,600196,995447364.html"
3512,16,还好52元走了换了其他股，目前盈利已经80%+了（有图一二为证）疫苗已出，炒作结,Leo老猫,01-14 13:27,"/news,600196,995671284.html"
1857,9,德国拜恩生产的疫苗，不优先卖欧洲邻居，不远万里冷链给中国？,高老庄121,01-14 13:21,"/news,600196,995886672.html"
2208,10,50.38%的总体保护率，能不能获得批准？为何会出现在不同的国家不同的试验结果？,科创板先锋,01-14 10:57,"/news,600196,995954739.html"
5053,30,下方这几根k线还是在一条线上哦，主力做图做得挺好的，我今天补仓了，没有闪。希望主,心动不如行动1,01-14 08:00,"/news,600196,994103887.html"
11281,20,分析一下复星连续大跌的原因,看不惯就干,01-13 23:55,"/news,600196,995698830.html"
9106,10,在机构眼里，复星医药就是一摊中信建投指出，国内疫情局部爆发难以避免，医药,from_zero,01-13 12:47,"/news,600196,995527947.html"
9710,43,关于国产跟进口怎么选？哪个好？其实很明显的事实，只是大多数人都是所谓的爱国主义导,顺势持股,01-11 23:34,"/news,600196,994709656.html"
5243,14,各位可能还不知道复星医药在行业的地位，看不到复星的价值，分享一段话了解一下！目前,阿拉神灯2019,01-11 01:00,"/news,600196,993861190.html"
6889,45,世卫选bntx苗不选国药苗为全球抗役唯一指定苗的理由(不成为操作依据),霸波龙爪手,01-10 22:31,"/news,600196,992966882.html"
9394,15,全免费接种新冠疫苗定啦！78%、79.34%、95%，你愿意接种哪一个？,aliella,01-10 12:24,"/news,600196,994591287.html"
18253,285,未来三年复星53.29元股价1366亿市值PK恒瑞94.58元股价5019亿市值,北京OptionGirl,01-09 23:15,"/news,600196,959071747.html"
5163,8,辉瑞新冠疫苗可抗癌？新型癌症疫苗有效率高达90%,科创板先锋,01-09 22:30,"/news,600196,994575675.html"
3110,9,世界首富，科技狂人马斯克对mRNA新冠疫苗的最前卫认知：mRNA不仅是新冠疫苗，,存在活着往前走,01-09 14:55,"/news,600196,994440026.html"
13821,27,复星医药在中国启动两项3期临床试验，分别是：1）评价RT002单次治疗成人单纯型,木子99995,01-09 13:36,"/news,600196,993608881.html"
4071,21,复星29日召开股东大会，增发新股，扩张产能，上马mdRa疫苗。复星即能抓住与德企,言迟总动员,01-08 20:26,"/news,600196,990265442.html"
7022,24,【「首个新冠疫苗获世卫紧急使用授权」】当地时间2020年12月31日晚，世卫组织,佛山黄大仙,01-07 23:24,"/news,600196,992244134.html"
2804,22,我说公司信息不公开，很多人不信；昨天打脸了吧！境外发股，没开董事会，没开股东大会,碳观察,01-07 17:00,"/news,600196,992270692.html"
9457,43,说一说我的感受：临近收盘52块5毛9卖掉了。感觉最后十几分钟大家争先恐后的往外卖,巧笑美目倩兮盼兮,01-07 16:59,"/news,600196,993198175.html"
3596,21,复星这只股不是一般人真的不好操作！这几天洗得很难受下车了不少人！今天尾盘拉起来好,吴万里1985,01-07 16:42,"/news,600196,993548137.html"
15320,40,复星医药股票好还是不好，明天很快就要给大家结果了！：如果是牛股，明天一定会大涨的,股友PYjUDD,01-07 16:33,"/news,600196,992391129.html"
47652,432,利润就是复星医药，华域汽车，海尔智家，百润股份，伊利股份提供的。百润股份也已经获,何然静,01-06 12:36,"/news,600196,980448466.html"
8611,65,各位兄弟们，大盘新年大涨创新高，复星连续两天低位洗盘创新底。今天收红十字，止跌企,益阳斌,01-06 03:22,"/news,600196,993121008.html"
8519,21,郭广昌45亿收购舍得，舍得今天却也跟着涨！晕大头复星医药却素颜清高，跌跌不休！m,言迟总动员,01-05 20:28,"/news,600196,992536747.html"
6210,18,"在印渡市场实实在在五连羊,予计复星周五收60.78以上中阳仍可期",霸波龙爪手,01-05 15:46,"/news,600196,990067680.html"
10023,48,说实话被骂，自古忠言逆耳良药苦口，我只是看不惯那些天天刷屏式利好。天天吹信使RN,知行合一奉尘刹,01-05 08:35,"/news,600196,990749133.html"
3913,24,疫苗不会免费,股友OlRUpK,01-05 00:21,"/news,600196,992102462.html"
6268,40,试问，如果一家企业研究了疫苗不要钱，如果是你，你还研究吗？只是疫苗被国家采购，免,逆向思维45,01-04 20:20,"/news,600196,992217035.html"
21487,66,只要你有耐心读完这篇官方文章，你就会明白一切。辉瑞疫苗2个月后国内上市？复星医药,木子99995,01-04 08:22,"/news,600196,988470284.html"
23853,59,再次告诉你复星医药零下70度冷链的真相：位于上海浦东机场附近一座2000平方米的,木子99995,01-04 08:19,"/news,600196,991737729.html"
9875,13,深圳市各区社康医院已预约接种疫苗，规定，医务工作者，冷链一线工作人员，出国工作，,存在活着往前走,01-03 00:46,"/news,600196,992283094.html"
13485,108,股市最忌讳的是对好股追涨杀跌！业绩增长和低市盈率潜力股值得投资！例如：,默默地追寻,01-02 13:17,"/news,600196,986901757.html"
16204,124,今日受国药股份封跌停板影响，暂时小幅回调，技术上后市大涨,默默地追寻,01-02 13:14,"/news,600196,986584735.html"
18691,89,预测29日股东大会前股价在此区间波动，原因是主力要控制定增价格！因此有所操作,默默地追寻,01-02 13:14,"/news,600196,987740784.html"
4566,8,各国疫苗价格比较：综合媒体消息，目前，全球疫苗订单超过100亿剂，美国凭借自身优,木子99995,01-02 10:30,"/news,600196,992239449.html"
1768,5,竟然没跌停，神奇，复星医药跟人合作的疫苗在中国几乎没有任何市场，只能销港澳台和国,Pyrobroin,01-02 09:22,"/news,600196,992233753.html"
25805,174,美国FDA批准辉瑞新冠疫苗紧急使用授权申请，对复星构成大利好！理由,默默地追寻,01-01 23:52,"/news,600196,986358041.html"
4412,11,啥也别说了，周线三角形马上突破，日线破底反升；喝酒吃药的两市唯一药香型科技，既喝酒又吃药，下周大爆发。,VNF198M,01-01 20:08,"/news,600196,992226819.html"
1697,11,赚了钱赶紧走吧，这个是歪果仁搞的疫苗，不可能在中国大量推广（除非中国没有），国产,435066371,01-01 09:39,"/news,600196,978232235.html"
4665,13,复星医药改名为复星酒业，股票沾上点酒必涨，你们觉得如何？复星医药改名为复星酒业，,火龙哥2020,12-31 16:56,"/news,600196,991952718.html"
8539,86,硏抱的苟嘴真黑，复星明年或赚200亿美元硬说成有89亿伤玉大雷,霸波龙爪手,12-31 14:52,"/news,600196,990667830.html"
4409,7,大家关心的复星疫苗零下70度冷链运输答案：国内6亿支新冠灭活疫苗即将上市，意味着,木子99995,12-31 09:17,"/news,600196,991051060.html"
3757,6,复星医药零下70度仓库的真相：吴以芳介绍，复星在机场附近建立一个仓库，未来将会有,木子99995,12-31 09:17,"/news,600196,991051719.html"
10158,16,买复星医药的最大风险就是老郭太鸡贼，机构都不待见。一旦股价上升，他就増发，待市场,洛钼你好,12-31 08:38,"/news,600196,990615389.html"
8345,19,复星医药仍然是值得期待的龙头医药股。,生意四海de李寻欢,12-31 07:54,"/news,600196,991623002.html"
1474,16,后天元旦，跨入新年！该走的都走了，机构、基金兑现年终业绩，过节要玩要开支的明天提,益阳斌,12-30 21:21,"/news,600196,991599140.html"
3508,15,股票多空大家观点不同，但是郭广昌人品极差，道德败坏，大家没意见吧,高老庄121,12-30 19:16,"/news,600196,991335705.html"
6672,17,这股票还止损，分仓加就是了,查打一体无人机,12-30 16:52,"/news,600196,991351605.html"
3179,7,今天是我投资股市以来，损失最为惨重的一年，比股灾年还惨，所有股票全线套牢，套牢程,跌跌古,12-30 16:01,"/news,600196,991610333.html"
4392,11,关于复星医药的商誉问题,武汉新义川,12-30 15:02,"/news,600196,990591226.html"
2724,9,我早说了，买复星要耐得住寂寞，如同守寡！复星上涨突破三个时间节点：1、香港疫苗到,益阳斌,12-30 09:21,"/news,600196,989848386.html"
9383,22,静等中国疫苗批文，如果获批。为了向亚太地区输出，联合建厂，那是顺理成章。德方也明,华天酒地呢,12-29 00:58,"/news,600196,989633618.html"
14875,14,重大利好，美国FDA找出接种新冠疫苗出现严重不良反应的原因了，是因为做过面部美容,佛山黄大仙,12-28 15:58,"/news,600196,990603754.html"
1683,8,昨天58.2清仓的，周一因为商誉、负债率等负面因素预计8%左右的跌幅，周二逢低抢,天时利和5468,12-28 15:49,"/news,600196,990427950.html"
4844,11,复星医药3月份突破100元！！,索罗斯罗杰斯,12-28 11:28,"/news,600196,989898388.html"
8043,43,拿定增说事的股价不涨是不是没炒过股？？看看去年年底的几个定增的股价怎么涨破天的，,知行合一奉尘刹,12-28 09:53,"/news,600196,990506454.html"
5275,20,复星医药有本事出个公告出来：向全体股东表示感谢，一路来，有你们的支撑，为了股东身,百花盛林,12-27 22:50,"/news,600196,990087423.html"
5146,11,有人看新闻知道复星的疫苗是5人一起分享的量吗？需要稀释才能打，而且需要干冰保存，,做一棵开心的韭菜,12-27 20:24,"/news,600196,988486584.html"
6848,27,复星医药有几个明牌：1，参股的辉瑞疫苗没问题，国外开始接种了。等到大中华地区开始,南平同志,12-27 20:19,"/news,600196,990236277.html"
7589,20,中国疫苗完胜国外需要严苛冷藏保存条件的疫苗，年底前上市六亿支疫苗，等于说是部分医,问天潜伏,12-27 08:02,"/news,600196,984313972.html"
9898,63,自己国内的疫苗都够用，并且非常安全，难道要复星进口很多洋鬼子的疫苗？国外疫苗的安,启航投资ABC,12-25 11:40,"/news,600196,989671559.html"
4259,79,天下疫苗有史以来都没有百分之百无副作用或者“捡毒”100%干净的疫苗（例如：我儿,默默地追寻,12-25 08:40,"/news,600196,985561511.html"
2789,67,国内的国外的疫苗都应该一视同仁！不应该作为股票二级市场个人目的唱多唱空的工具！,默默地追寻,12-25 03:08,"/news,600196,985567477.html"
17449,36,欧洲批准了biontech疫苗，就剩中国了，如果二期数据拿到就能报批注册，一亿剂,股权资产估值,12-23 22:22,"/news,600196,988848410.html"
5863,19,微乎其微：美国27.2万次的新冠疫苗接种，有6次过敏反应被记载在案,股友g5LTsj,12-23 20:56,"/news,600196,988439674.html"
7213,15,港股100强颁奖典礼，复星国际荣获“最优秀大型消费产业集团”奖新浪财经12-22,益阳斌,12-23 15:35,"/news,600196,989137119.html"
17906,239,澄清唱空造谣复星医药者的三大问题,默默地追寻,12-22 17:07,"/news,600196,982628253.html"
12677,32,两个公告划重点：复星集团为子公司医药产业集团提供贷款担保，医药产业集团具体负责复,益阳斌,12-22 16:39,"/news,600196,987215679.html"
1959,6,"大蝈蝈就是资本高手,1亿$货款也要银8行出",霸波龙爪手,12-22 15:55,"/news,600196,989001402.html"
5736,18,"其实a股中真正的星关役苗股不超过三只,能成功的可能只有一两只",霸波龙爪手,12-22 13:12,"/news,600196,988621917.html"
14584,358,转发：全球新冠肺炎疫苗上市，迫在眉睫！两年内供不应求！,降魔十八掌,12-21 22:28,"/news,600196,982660920.html"
7396,8,中国首个mRNA新冠疫苗生产车间奠基一期可年产1.2亿剂中国首个mRNA新冠疫苗,节节高7769,12-21 14:16,"/news,600196,988638972.html"
1644,11,我们要过一个“素食不杀”的2021年。我们要和一切生命“和谐相处”，爱护他们，而,我是宇宙最富的人,12-21 13:51,"/news,600196,988472705.html"
6300,12,辉瑞合同中写得很明确：‘我们不对任何副作用负责。’（就是说）如果你变成了鳄鱼，那,诗与远方803,12-21 01:01,"/news,600196,988475164.html"
5960,11,不良反应被夸大,aliella,12-20 14:56,"/news,600196,988364082.html"
5095,18,各位吧友，复星我周4已经出了，再也不用半夜看美股字母股走势了，再也不用每天看国外,嘿嘿闷声发大财,12-20 09:20,"/news,600196,988344761.html"
18048,59,复星医药是建仓好机会，一个2O亿流通盘股价能推高80元，是大机构所谓，是长线资金,神奇术医炒股参谋,12-19 15:47,"/news,600196,954630966.html"
5583,22,说说疫情，说说疫苗，说说未来：1.疫情分两部分，国内基本控制，国际仍在蔓延，法国,高空捉鸟的鹰,12-19 13:59,"/news,600196,988292178.html"
6265,27,需求没想象中大,股权资产估值,12-19 07:30,"/news,600196,987611704.html"
7948,25,全市唯一一个已通过紧急上市的新正宗冠疫苗股，什么国X（假货），沃X（假货），康X,随机投资,12-19 01:39,"/news,600196,987540983.html"
17132,138,新冠疫苗存储温度决定疫苗的保质期！不要拿储存疫苗的温度说事！如下：,降魔十八掌,12-18 20:08,"/news,600196,980795489.html"
15902,243,转发~个股公告定增后二级市场股价走势分析，以复星医药和天坛生物为例,默默地追寻,12-18 19:59,"/news,600196,982325279.html"
14946,92,这么多人争论复兴和国药，我来说句公道话，复兴营收200亿，市值1500亿，国药营,天风研报金股AAA,12-18 15:58,"/news,600196,986418159.html"
13388,9,复星医药(600196)12月17日晚间公告，近日，公司控股子公司上海复宏汉霖生,海虹沉浮,12-18 12:33,"/news,600196,987922022.html"
3441,75,欣赏和期待明天To-morrow,默默地追寻,12-17 21:32,"/news,600196,984015136.html"
5438,9,少为二级市场涨涨跌跌而操心，多考虑基本面和业绩、同板块市盈率、未来的发展潜力值不,默默地追寻,12-17 21:29,"/news,600196,984975381.html"
6385,13,复星医药与恒瑞医药没有可比性，老板格局不一样，复星医药老板只为自己牟利，该涨的时,铂金局,12-17 20:07,"/news,600196,987870855.html"
6351,17,恒瑞105，复星56，今天尾盘下杀，H股走势平稳创新高。如果复星不沾边疫苗，走势,益阳斌,12-17 19:48,"/news,600196,987841804.html"
6778,52,国内市场分利65%，复星比自研役苗股还正宗保险！,霸波龙爪手,12-17 18:20,"/news,600196,987114922.html"
19529,164,转发~复星医药控股子公司Gland Pharma在印度交易所上市构成重大利好,默默地追寻,12-17 12:22,"/news,600196,980774586.html"
4521,53,高价引进外国的疫苗，国内这么安全，谁会花钱去打新冠疫苗？还有副作用，还要自己掏钱,红红红999,12-17 10:16,"/news,600196,987504250.html"
30605,63,国药疫苗有效率达86%，不如复星的,霸波龙爪手,12-16 23:39,"/news,600196,985511992.html"
3109,16,重温八段神贴:论大蝈蝈的投资境界远超恒瑞，复星价值过万(1),霸波龙爪手,12-16 18:29,"/news,600196,987074923.html"
2544,15,半年720w剂，全年至少1500w以上，进口疫苗定价高过国产是必然，营收40、5,股友02owT0,12-16 15:44,"/news,600196,986731033.html"
8750,73,"论证10年内唯一mRNA疫苗a股,复星年底冲100!",霸波龙爪手,12-16 15:27,"/news,600196,986250111.html"
3559,14,疫情，就是命令，看好复星，还因为中国是人口大国，所以复星因布局海内外其地位不容有,言迟总动员,12-16 14:45,"/news,600196,982256436.html"
9115,66,有啥好高兴的，说白了复兴就是个二道贩子。,灵活机动,12-16 09:03,"/news,600196,986423979.html"
9031,51,我知道复星是热点，各路投资精英云集，发表下自已浅见的观点，还请各路大佬指教，让敞,人生得意须尽欢2,12-15 11:32,"/news,600196,986729515.html"
6966,15,复星，720太少了。如果一年有2e，这故事还是很好讲的，720就是别人零头的零头,有耐心有恒心,12-15 08:47,"/news,600196,986637393.html"
11598,16,四大名酒唯一没有上市的就是西凤酒了，目前我个人觉得，你被西凤酒借壳概率，不排除了,董酒借壳七匹狼,12-14 20:15,"/news,600196,986514668.html"
4674,13,大周末一群国药的股东来复星寻找接盘侠，把复星的人气搞到了第二！在今年全球抗疫的关,益阳斌,12-14 15:52,"/news,600196,986418605.html"
7505,10,终于搞明白了,北京的韭菜,12-14 11:23,"/news,600196,986518526.html"
12454,77,大家注意最近连续大宗又有研报看空，复星必成妖了！,霸波龙爪手,12-14 08:30,"/news,600196,982505380.html"
8207,37,为什么你还没姿格嫌弃人家-70度苗?,霸波龙爪手,12-13 23:30,"/news,600196,980111642.html"
11937,44,灭活疫苗安全性，可及性的确比mrna疫苗好。后者面临副作用不确定性风险。做投资都,股友954007,12-13 17:37,"/news,600196,985598286.html"
7494,38,复星的市值目标不是恒瑞，而是辉瑞！碾压辉瑞，超越强生，预估5-8年左右！提前进入,复旦之星,12-13 17:36,"/news,600196,986375890.html"
2369,12,分析一下明年复兴辉瑞疫苗利润贡献，保守估计明年大中华区复兴获得5000万支配额，,股友U2OebN,12-13 00:11,"/news,600196,986371762.html"
16663,38,其实不管是国外疫苗还是国药的疫苗受益最大的上市公司都是复星医药（如下图），与国药,股海无崖FFF,12-12 16:42,"/news,600196,985938301.html"
7139,70,现在大跌就是白送银子给散户!大涨时有胆子追，大跌时却又不敢买，追涨杀跌，高买低卖,股股吹吹,12-12 12:07,"/news,600196,955922359.html"
7470,24,明天验证:明天集合竞价应该是低开4－5毛钱也就是54.8左右——早盘会冲高到57,大韭菜小股民,12-12 00:48,"/news,600196,984513647.html"
7281,22,今天主力大买，小散大卖，复星今天向上金叉变盘，年底前兄弟们坐稳了！现在复星是从广,益阳斌,12-11 19:33,"/news,600196,985469459.html"
6414,43,"虽然国药灭活苗成功,但战掠上我掴一定要有mrna苗",霸波龙爪手,12-11 19:14,"/news,600196,985850421.html"
1745,6,"坚信周一原贴,复星本周过60.28,年底冲100",霸波龙爪手,12-11 18:01,"/news,600196,986106010.html"
3389,29,大盘日线死叉，估计一时半会好不了。老庄你大可以借机做一波逆势反弹，轻松吸引大量避,有耐心有恒心,12-11 16:24,"/news,600196,985512693.html"
8660,47,快讯。。,注册登录4,12-11 12:56,"/news,600196,980652340.html"
2060,12,"55.28今天到过了那就是启动了,周四58.19",霸波龙爪手,12-10 12:21,"/news,600196,985444945.html"
3373,45,国药集团2021年国家已经批准生产10亿剂，市场已经被国药占领[卖出][卖出],板块轮番上涨,12-09 14:09,"/news,600196,977480693.html"
6647,14,十倍未来复星和当前徘徊复星[鼓掌]时间是最好的玫瑰复星的核心竞争优势是全产业链和,感恩时代,12-08 14:50,"/news,600196,984368809.html"
9746,46,我买复星医药：1、郭广昌先生的格局；2、新冠疫苗上市；3、创新药的研究实力与水平,益阳斌,12-08 13:54,"/news,600196,983371698.html"
3099,7,谁能告知2020年10月29日公告的美国礼来公司Lilly买的代理权首付经费40,雨龙5570359,12-07 16:20,"/news,600196,983966747.html"
9242,41,老庄大战游资的好戏。3日，在海外利好消息的影响下，老庄使了一招顺水推舟，股价应声,有耐心有恒心,12-07 13:43,"/news,600196,984240136.html"
3484,10,复兴医药的低点和高点预测也算可以，但是高点超出我的预期，我预计今年可能到60附近,卧龙说股到金,12-06 20:07,"/news,600196,984374416.html"
6331,29,为什么我说国内疫苗市场还是复星医药的天下？,MYDADDY,12-05 20:07,"/news,600196,984279459.html"
8396,21,一则辉瑞减产的消息让投机者落荒而逃！细想辉瑞为何这个时间宣布减产？饥饿营销！我现,益阳斌,12-05 18:03,"/news,600196,984358209.html"
14072,22,复星医药称正向香港卫生署申请使用辉瑞疫苗,驾疯牛吃主升,12-05 11:37,"/news,600196,983993652.html"
12647,64,今天复星够强势，顶着定增的压力在抬高，如果不是因为定增早涨停了！任何蹭疫苗概念的,益阳斌,12-05 10:46,"/news,600196,983820016.html"
1796,8,"以31.63美元/股的价格认购BioNTech新增发行的1,580,777股普通",守仓调仓不空仓,12-04 06:49,"/news,600196,983042630.html"
5860,34,今全球有十多种疫苗在后期临床阶段，但只有辉瑞和Moderna的为信使RNA疫苗,丛蓉,12-03 23:46,"/news,600196,983203441.html"
2860,9,"阴国放着自己又便宜效果又好的阿嘶痢糠苗不用,却来抢bntx苗",霸波龙爪手,12-03 18:44,"/news,600196,983658816.html"
4921,15,复星是硕果仅存的进入决赛圈的星官役苗A股,霸波龙爪手,12-03 18:43,"/news,600196,983476686.html"
3173,15,"周四予计收54.22,或连涨四天",霸波龙爪手,12-03 07:47,"/news,600196,981786625.html"
5555,17,复星参股最高端役苗bntx，又参股了低端的阿斯利康,霸波龙爪手,12-02 23:13,"/news,600196,981412458.html"
9324,38,确实，复星这次定增有点伤了中小散。,生意四海de李寻欢,12-02 15:21,"/news,600196,981933363.html"
7178,27,群里有高人！国家集中带量采购药品，使得药品价格大幅度降低，这个看似利空的消息，群,闲人老李,12-02 01:37,"/news,600196,982923406.html"
2866,14,今天买入被套，好烦。复星明天随大盘震荡，大概率收小十字星。bion进入震荡期，没,有耐心有恒心,12-01 21:59,"/news,600196,981404850.html"
10737,15,英国独立监管机构将在几天之内批准辉瑞/BioNTech旗下mRNA疫苗，最早将于,美年达的春天,12-01 21:13,"/news,600196,982679882.html"
20451,117,都说股市里长线来看70%人在亏，20%人保本，只有10%人在赚钱。不知道有多少人,何然静,12-01 11:54,"/news,600196,960190139.html"
6724,9,按照国药灭活疫苗定价，两针四百元。辉瑞在美国本土，德国的价格都没超过二百元人民币,天机最神,11-30 17:58,"/news,600196,982609387.html"
8352,50,关于定增，不吐不快,守仓调仓不空仓,11-30 14:46,"/news,600196,982118920.html"
30211,114,复星为何周二要涨板？因为我国才是役苗最大市场！,霸波龙爪手,11-29 23:17,"/news,600196,977451671.html"
2737,13,前面发个贴，议论颇多。不知道动了谁的奶酪，上个图PK一下，把你们今年的操作收益记,苍穹之鹰009,11-29 16:14,"/news,600196,982622104.html"
7787,28,有没有打赌的，复星的增发实施时，增发价高于11.27日收盘价51.35元,守仓调仓不空仓,11-29 14:00,"/news,600196,982595756.html"
11824,23,科技是第一生产力！,AB股市淘金,11-28 23:00,"/news,600196,974187052.html"
3066,6,英媒：美国分发新冠疫苗困难重重新华社11-2613:59新华社官方帐号关注新华社,起多多,11-28 13:18,"/news,600196,982469193.html"
3677,8,$复星医药(SH600196)$现在这价位和走势，如果我是炒短钱，一定趁着亏损还,搬砖的股民,11-28 00:11,"/news,600196,982330083.html"
8302,41,明日复星医药最佳走势：上午55．18元开盘，一路上扬，11点封涨停，下午1点涨停,钱塘簑笠翁,11-27 21:20,"/news,600196,981042766.html"
6342,36,定向增发喜不喜欢都来了。问题就是后续股价看多看空了。看空理由多了，实际情况也是在,天机最神,11-27 15:46,"/news,600196,982163580.html"
8301,93,转发中金作者老顽童文章（修订）~复星医药经德国授权，有权在中国区域生产与辉瑞相同,当价值投资者,11-27 12:36,"/news,600196,980686495.html"
4524,11,坚定不移，旗帜鲜明的看好定增！！,rmnb111,11-27 09:26,"/news,600196,981850146.html"
4976,6,有没有人研究一下，复星到底投了多少项目，多少公司,守仓调仓不空仓,11-27 00:53,"/news,600196,982149421.html"
1887,7,定向增发喜不喜欢都来了。问题就是后续股价看多看空了。看空理由多了，实际情况也是在,天机最神,11-27 00:51,"/news,600196,982163581.html"
14043,29,虽然坚持中长期看好复兴医药，且昨日涨势如潮可圈可点，但就此判定复兴因受到国际疫苗,港口未来,11-26 23:22,"/news,600196,981161618.html"
1503,6,不要把定增当洪水猛兽！尤其非公开定增，是有特定对象的！再者定增主要看你做什么。复,益阳斌,11-26 22:27,"/news,600196,981865207.html"
9061,18,在疫苗大战的时代路口，复星帮我们拿到了一张珍贵的入场券，奈何在座的各位一副指指点,有耐心有恒心,11-26 22:21,"/news,600196,980711525.html"
5666,16,$复星医药(SH600196)$定增对复星的定性为中性，对短期的走势不会有多大的,搬砖的股民,11-26 16:01,"/news,600196,981806028.html"
6671,11,今天复星股价拉起来比国药早，后者涨停它却没跟，说明机构对定增也是有分歧的。,三千点玩十年,11-26 15:26,"/news,600196,981825379.html"
5050,44,"保守估计,周二56.2以上高开,收涨停!",霸波龙爪手,11-26 08:59,"/news,600196,981023320.html"
5263,14,按照复兴医药测算不低于49亿多元，不多于1.28亿股，以及前二十个交易日股价的8,北斗星空,11-25 23:50,"/news,600196,981791695.html"
5338,24,$复星医药(SH600196)$把鸡蛋放在一个篮子里。就持有两只股，曾经重仓三安,搬砖的股民,11-25 20:47,"/news,600196,980720179.html"
8548,17,美股又新高了。这A就喜欢反着走，明天又是星期四，注定大盘低开，就看有抄底资金没，,信奉缘,11-25 15:14,"/news,600196,981465682.html"
3144,14,周三看涨：既然bntx涨时复星不跟，那么只有bntx跌时复星反涨了,霸波龙爪手,11-25 14:31,"/news,600196,981456376.html"
5006,23,掴夹可能会采购数亿剂复星役苗，但可能要求复星设厂生产！,霸波龙爪手,11-25 13:38,"/news,600196,981409582.html"
2413,12,快速拉升，高位巨量，震荡出货！散户胜庄法：冲高获利卖出,阅读思考发现价值,11-25 09:00,"/news,600196,980099184.html"
30161,180,复星BioNTech没戏！康希诺与陈薇院士的新冠疫苗必将首先在国内上市,阅读思考发现价值,11-24 11:57,"/news,600196,953850525.html"
19924,58,"复星医药：又见大跌，新冠疫苗利空乎？来自辉瑞的信息显示,BNT126B2三期临床",小小散老焦,11-24 08:14,"/news,600196,965376693.html"
6650,25,辉瑞就是个坑，别样里跳了，辉瑞的技术是买德国的比较落后，对手基因疫苗研究了几十年,江左盟断水流,11-23 18:49,"/news,600196,979599953.html"
14811,55,美股瑞辉跌出翔来了，m公司的94%有效，中国的98%以上。90%的还好意思搬出来,江左盟断水流,11-23 15:20,"/news,600196,979296999.html"
5795,33,世卫组织警告，可能不会有一种有效的疫苗，或保护作用只有几个月,阅读思考发现价值,11-23 13:42,"/news,600196,953198258.html"
5825,19,你们都喜欢听一点好听的，那我就说一个吧，别相信那个94.5%，明眼人一看就能区分,谢谢祖师赏饭吃,11-23 13:40,"/news,600196,979295411.html"
3973,37,此股只有失望和绝望，看不到一点点希望，我站在59元的高地遥望，我想解套的愿望，就,谢谢祖师赏饭吃,11-23 12:35,"/news,600196,980654801.html"
4341,8,格兰德上市对复星的意义超过疫苗,尽享快乐,11-23 08:54,"/news,600196,980759066.html"
5283,32,今天真是郁闷！,欲望啊,11-23 08:01,"/news,600196,980551332.html"
16310,120,提醒！复星医药不拥有BioNtech疫苗专利，若成功获批仅是中国代销权,心向阳无往不胜,11-22 23:50,"/news,600196,952986457.html"
5305,8,辉瑞新冠疫苗第三期试验显示出95%的有效性第一财经1小时前354评论K图PFE_,北斗星空,11-22 20:46,"/news,600196,979939182.html"
13934,26,复星加油！复星医药引进最尖端技术mRNA疫苗，为大中华区抗疫提供最优秀疫苗，世无,存在活着往前走,11-22 20:08,"/news,600196,978959868.html"
9685,54,疫苗有效率太高，反而是重大利空,下划线均可6902,11-22 17:03,"/news,600196,978934082.html"
7918,11,据复星医药微信公众号消息，上海复星医药（集团）股份有限公司（以下简称“复星医药”,南非投資集團,11-22 16:59,"/news,600196,980633769.html"
3760,31,周五刚刚公告~复星医药分拆了控股子公司GlandPharmaLimited在印度,当价值投资者,11-22 16:02,"/news,600196,980663696.html"
3854,20,复星医药特大利好：最新一代疫苗王者 最安全最便宜,财经资讯快递,11-22 12:33,"/news,600196,980613111.html"
6160,11,四款中国疫苗确认有效，一优势领先美国新冠疫苗,宁静致远345678,11-22 11:10,"/news,600196,979924861.html"
3365,7,每天一大堆消息利好，股价还是烂泥一样，主力你就不会玩点新的花样，每天还是高点倒T,富可兴隆得李寻欢,11-22 04:21,"/news,600196,980620918.html"
8282,27,小韩信聊股票第一，今天大盘非常好，但是复星收盘红0.84。一般性。我最近有点累。,小小韩信,11-21 21:13,"/news,600196,979177407.html"
5386,20,客观分析Moderna疫苗对复星的影响1.从情绪面上，会产生一定的波动，但是实质,有耐心有恒心,11-21 16:35,"/news,600196,979256315.html"
12153,21,复星医药正在上升趋势中，用不着跑进跑出忙，捂股不动就是，什么叫当头涨，这就叫当头,神奇术医炒股参谋,11-21 15:22,"/news,600196,971450082.html"
4477,6,分析一波，只供参考,龙天涯_reks,11-21 15:17,"/news,600196,980663273.html"
3597,17,"选bntx合作,复星成本优势太明显了!",霸波龙爪手,11-21 10:53,"/news,600196,980448076.html"
2850,12,复星苗成本最低效果最好，再次证明老郭投资眼光世界一流！,霸波龙爪手,11-21 10:44,"/news,600196,980529074.html"
7758,15,复星医药认购的德国生物疫苗价格30多美金每股，现在是94还多，大赚！后期还有疫苗,好好先生9588,11-21 08:35,"/news,600196,980600754.html"
8147,17,复星医药创新药发展趋势是他的核心价值，最近疫苗舆论战把他当做概念股来炒了，股价也,HX4942H,11-20 23:38,"/news,600196,979878819.html"
12987,48,复兴医药为什么会跌其原因？一就是中国的疫情已经基本控制，外国人不用中国中国的药疫,知识财富88,11-20 16:18,"/news,600196,979759894.html"
1078,8,"未来三年卖役苗年均净利也就几十亿元,主沥看不上呀!",霸波龙爪手,11-20 15:18,"/news,600196,980405014.html"
9861,24,吴以芳介绍，复星医药已经在机场附近建设零下70摄氏度冷藏库，疫苗从国外进口抵达中,存在活着往前走,11-20 13:18,"/news,600196,980250786.html"
11293,36,前几天b2公布90%以上的效果，结果M公布94.5%，复星的主力是连滚带爬，没有,哈啦哈哈,11-20 09:16,"/news,600196,979940134.html"
4021,35,复星应该澄清一下礼来用的单抗是不是就是HLX70或HLX71了,霸波龙爪手,11-19 20:36,"/news,600196,979209202.html"
9605,93,详细芬析复星冠苗的优缺点和商叶前景.,霸波龙爪手,11-19 20:19,"/news,600196,978748764.html"
10142,32,看好复兴不是因为疫苗，是因为和世界顶尖医学科技公司的合作局面，很多人不理解mRN,顺势而为呗,11-19 20:03,"/news,600196,978852699.html"
13715,61,复星如果跳空突破62.5元的颈线位，量度翻番。16日如果跳空高开高走，在美人肩的,哈啦哈哈,11-19 13:47,"/news,600196,978814532.html"
8682,44,俩巨头顶牛，中间冷链贮运商复星两方统吃,霸波龙爪手,11-19 13:22,"/news,600196,979321680.html"
12786,16,复星医药发展趋势，股价可以参照恒瑞医药市盈率，虽然研发能力还有这距离，毕竟市盈率,HX4942H,11-19 12:50,"/news,600196,979954848.html"
6795,30,"周5复星将迎第二涨板,科普为何外苗90%远强于掴苗100%",霸波龙爪手,11-19 12:40,"/news,600196,978407810.html"
3776,34,"周5复星将迎第2涨板,科普为何90%远强于某苗100%？",霸波龙爪手,11-19 08:37,"/news,600196,978490385.html"
5725,27,说真的，百分之95成功率不算什么利好。这两天跳水太厉害，主力手上没货，想拉也拉不,信奉缘,11-18 23:45,"/news,600196,979931091.html"
23105,43,复星医药正准备与美国Moderna公司合作运用mRNA技术研发,南京市涨,11-18 19:42,"/news,600196,979246443.html"
6586,27,小韩信聊股票第一，总结下这几天的帖子内容。你们都知道前天开盘复星涨停开，虽有开盘,小小韩信,11-18 14:14,"/news,600196,978357935.html"
6921,25,请不要把复星当做概念来看，应该更注重其内在的投资价值。疫苗只是锦上添花的事，通过,青青翼草,11-18 13:53,"/news,600196,979330791.html"
9215,154,就一个道理，给你孩子打疫苗，打进口的还是国产的？摸摸自己的良心说话，进口定价50,吴楚言,11-18 13:19,"/news,600196,978127009.html"
6045,34,役苗天下风云诡谲，大蝈蝈是如何将复星立于不败之地的?,霸波龙爪手,11-18 12:57,"/news,600196,979447025.html"
5507,11,自己看好原因人如下几点：1.辉瑞的mRlvA是人类历史上第一次用生产疫苗，这是一,有减持的不敢买,11-18 12:24,"/news,600196,978955045.html"
12322,11,"推进金砖五国疫苗合作,复星疫苗压力巨大了",方言和田玉,11-18 12:23,"/news,600196,979602477.html"
1920,8,抄复兴的逻辑:明年美国两家公司总共能供应全球十亿支，如果只有辉瑞一家，明年到复兴,股友U2OebN,11-18 12:00,"/news,600196,979583567.html"
9564,19,买入复星医药的理由，看好他在国际上的生成空间大，并没有单纯看好新冠疫苗！新冠疫苗,好好先生9588,11-18 10:31,"/news,600196,979386838.html"
7581,9,复星医药，一定要把放量的原因搞清楚才能得出最为安全的判断,陶瓷土豆,11-17 15:40,"/news,600196,979285996.html"
26018,108,今天换手大概6%左右，主力吃了3%左右吧，但是这点程度应该是不能满足主力的需求的,有耐心有恒心,11-17 14:41,"/news,600196,977585694.html"
12835,12,国产疫苗效果更好,宁静致远345678,11-17 14:21,"/news,600196,978827226.html"
7375,15,超越辉瑞！美国莫德纳称其新冠疫苗有效率94.5%。之前代理商复星医药90%的有效,天时利和5468,11-17 13:06,"/news,600196,979281407.html"
13084,51,复星医药明天开始至少三个跌停板！疫苗肯定是哪个效果好打哪个，这还用说吗？有更好的,海HIhihi,11-17 10:39,"/news,600196,979238743.html"
8769,12,亚洲地区只有复兴医药可以申请疫苗资格，美国疫苗出来只会利好美股，跟我们有个锤子关,果果的芭芭,11-17 09:42,"/news,600196,979232399.html"
4898,8,大家好我是收破烂的小孩，大家不要着急买入。,收破烂的小孩,11-16 22:04,"/news,600196,979204269.html"
5718,14,复星同时还有国药集团疫苗销售权、还是英国阿斯利康大股东、拥有全球最快90%成功率,新阳伴侣,11-16 20:34,"/news,600196,978957820.html"
6791,78,我是复星医药“远古时期的投资者”，持续跟踪了复星医药十几年，我在2017年2月1,我的名字太响亮了,11-16 17:43,"/news,600196,976961430.html"
5253,9,疫苗的用途不是说中国控制住了，国人就不用打疫苗了，我估计后期市场的变化是在疫情没,今天跟着大神走,11-16 14:11,"/news,600196,978926738.html"
6996,16,小韩信聊股票第一，昨天说的今天依然高卖，可惜天不遂人愿。收盘小跌3个点。所以今天,小小韩信,11-16 13:08,"/news,600196,978704934.html"
2449,7,蛋糕到底有多大？,第五浪人9960,11-16 09:30,"/news,600196,978938779.html"
5577,20,新疫苗大多品种了，市场占有率难讲。国内防控到位，需求未不高。外围反应厉害了！研发,HUANGXUXA,11-16 09:08,"/news,600196,978464824.html"
7653,47,周一高开高走，放量涨停。周二缩量一字板，周三70位置筑建第一个小平台整理震荡。7,有耐心有恒心,11-16 09:07,"/news,600196,978811551.html"
23696,95,辉瑞制药：新冠疫苗美国区定价19.5美元/剂（128.92人民币,心向阳无往不胜,11-15 19:18,"/news,600196,978096129.html"
4854,10,说句实在的，真的连续拉板又有多少人等着卖！换了你是主力你会拉吗？还是理性点，能涨,笑傲老浆糊,11-15 18:46,"/news,600196,978899385.html"
6988,12,62块附近重灾区放量或者直接跳空过去，那么短期会轻松上80！如果这区间不放量就是,别贪心g,11-15 16:30,"/news,600196,978888747.html"
8063,26,复星必将腾飞超越恒瑞[鼓掌]中国唯一最具国际视野的医药集团，布局世界，和世界一流,感恩时代,11-15 06:40,"/news,600196,978765292.html"
6411,21,复星医药现在已经是香饽饽了，80元庄家不出，这个价位再出不是有病啊，按照这个发展,HX4942H,11-15 04:32,"/news,600196,978778942.html"
10659,20,还是热门股好、一个涨停就到手了、昨天的芯片、一个高开就回本了[大笑]、近期布局的,兔兔爱简单,11-15 02:21,"/news,600196,978180830.html"
7058,32,冷静对待复星新冠肺炎疫苗，刚刚进入临床二期，离在国内注册还很远，不会早于科兴生物,长期看好中兴天恒,11-15 01:25,"/news,600196,978826625.html"
7232,25,复星医药会不会出现岛型反转的走势？周一高开在62元之上，缺口不回补的话，就可能呈,哈啦哈哈,11-14 23:31,"/news,600196,978761466.html"
7585,16,关于mRNA疫苗，不要纠结国内何时上市，只要证实安全高效，作为唯一概念股复星医药,日进斗金555777,11-14 21:14,"/news,600196,978838058.html"
2683,10,国内毛利复星竟然是拿大头！这个没想到！,霸波龙爪手,11-14 02:10,"/news,600196,977741041.html"
3523,7,吴总，复星集团在你的带领下，一定成为国内及世界疫苗龙头，但是我想复兴医药肯定比白,财运斗金de叶孤城,11-13 21:40,"/news,600196,978729261.html"
4513,19,没啥好怕的，那么多股破位了复星只回这么一点，下周必新高！,霸波龙爪手,11-13 21:28,"/news,600196,978697128.html"
2684,22,时间不多赶紧拉几个涨停板，一下子散户都给你，用不着那么辛苦天天8级强震，太辛苦了,仙女骑牛,11-13 20:06,"/news,600196,978624978.html"
4851,11,凡是吃了步长温馨颗粒的心脏病好起来，但是吃了步长脑心通的脑梗好起来，凡是用步长银,电科energy877,11-13 19:30,"/news,600196,978114403.html"
7826,37,炒股的人是孤独的。我一直想给自己和广大的股民写一点文字。今天恰好周末，随笔！炒股,上善若水_泽,11-13 17:17,"/news,600196,976985967.html"
11569,10,智飞生物、康希诺等新冠疫苗概念股走势疲软，制约了复星医药的上涨力度，如果不是受到,直隶壶公,11-13 15:15,"/news,600196,978494174.html"
11375,31,我从36拿到50，开心不已又从56跌到48痛苦不堪，现在快60了，我就告诉大家，,安忠唤1985,11-13 11:44,"/news,600196,978363576.html"
6864,52,大盘反弹湿败，周四继续跌到一片，复星逆巿大羊收60.12之上,霸波龙爪手,11-13 01:59,"/news,600196,978065710.html"
10524,7,复星医药(600196)11月12日晚间公告，近日，公司控股子公司上海复宏汉霖生,海虹沉浮,11-13 00:43,"/news,600196,978419923.html"
3092,10,今天要不是你我上午建仓的、会要亏不少、主要亏损在芯片、还以为尾盘能拉起的、消费电,兔兔爱简单,11-13 00:20,"/news,600196,978027182.html"
7083,26,明天将小幅高开，然后获利盘冲出砸成绿色的，再被抄底资金强势拉起，冲高后看抛压情况,有耐心有恒心,11-12 16:36,"/news,600196,978077562.html"
6343,39,炒股不能只有情怀，也要有最起码的理性判断！复星依它的业绩，能支撑起如此庞大的估值,包包理资本,11-12 15:10,"/news,600196,962469370.html"
7315,33,持有复星的还没有卖吗？我在58块多就发贴提示，你今天还在自嗨，你赔钱怪谁？重复一,包包理资本,11-12 15:09,"/news,600196,964672369.html"
5975,45,这股也是稀奇，人家疫苗先出来了，有效率而且还90%，而你却没出来，对你有哪点好处,升值宝,11-12 09:53,"/news,600196,977769751.html"
7553,15,上周卖了华东，买的复星。刚卖完，华东就往上窜，中间还有2个涨停，而复星就蹭蹭往下,涨的好哦,11-12 07:45,"/news,600196,977473373.html"
4852,14,什么时候都是科技强国，复星医药也是医药科技龙头，他比茅台更有价值，挽救很多生命，,财运斗金de叶孤城,11-12 07:25,"/news,600196,977469109.html"
14069,29,我刚醒悟一个股票炒高了，好消息不断，就应该立刻止盈，例本人复星医药帐面巳盈利27,日荧1877,11-12 05:57,"/news,600196,973257851.html"
5358,35,小韩信聊股票第一，昨天说如果今天有绿盘，绿的很多必须买入。凡是今天水下6个点左右,小小韩信,11-11 23:23,"/news,600196,978025514.html"
3528,27,近期不会有戏了，大家先出来吧，等疫情过后再来。现在不会让复星涨，不是复星不知道好,明月流风,11-11 20:26,"/news,600196,977950462.html"
23784,10,这样的大盘，是换主了，应该是外资走，内资进，外资出了去抄港股的底，内资就抄了A股,信奉缘,11-11 20:05,"/news,600196,978054889.html"
10425,26,今天半天成交40亿，大部分都是水下5个点成交的。主力只用了极小的代价，就成功收割,有耐心有恒心,11-11 19:11,"/news,600196,977903510.html"
5952,9,复星只要二期成功就ok了，三期用国外数据，大大缩短了研发时期，与智飞比，智飞才完,北斗星空,11-11 14:07,"/news,600196,976247293.html"
1520,9,如果定价是20美元1支你觉得这个价格心动吗，可以接受吗，你和家人会去接种吗？那么,二龙山牛哥,11-11 13:20,"/news,600196,977772977.html"
9306,19,尊敬的郭广昌先生:复星医药近年来的研发创新已有很大起色，全球化部局已初见成效，但,雨龙5570359,11-10 21:55,"/news,600196,977481805.html"
7167,10,这是利空还是利好？,阿杰打新股,11-10 21:09,"/news,600196,977356532.html"
9965,38,国药新冠疫苗三期不是效果很好吗？宣布的时候世界股市没有反应，现在辉瑞宣布三期还只,天时利和5468,11-10 17:09,"/news,600196,977428954.html"
3188,10,复星为何周二要涨板？因为蝈广昌放了三个月的烟幕弹！,霸波龙爪手,11-10 17:09,"/news,600196,977456955.html"
3507,10,复星集团董事长郭广昌：复星合作研发的mRNA疫苗有效率高达90%。这不算蹭热点，,封板的古月,11-10 14:50,"/news,600196,977437405.html"
8785,32,换新药了么,阿杰打新股,11-10 14:08,"/news,600196,976179236.html"
5127,13,有的人还不知道复星持有BioNTech的股份,股友OlRUpK,11-10 11:47,"/news,600196,977446512.html"
5417,6,辉瑞表示，临床期中数据是在分析94名疫苗(或安慰剂)接种参与者感染新冠病毒的情况,家财发财地段正淳,11-10 08:28,"/news,600196,977459719.html"
5498,17,复星第一目标追恒瑞半万亿市值，第二目标超恒瑞万亿市值。复星医药未来10年还有10,北京OptionGirl,11-10 07:42,"/news,600196,971353360.html"
3080,14,股价再次跌破50元，是机会？还是陷阱？我认为是机会！现在的K线形态的确不好看，我,闲人老李,11-09 18:22,"/news,600196,977055355.html"
3633,14,复兴疫苗已经研发出来了，少部分人已经接种试验了，没有什么反应，今天的股市咋这样呢,财运斗金de叶孤城,11-09 08:06,"/news,600196,976794533.html"
5502,18,【一把直尺打天下】复星医药,交易员云起,11-08 23:05,"/news,600196,976982725.html"
4196,7,既然下了成本就是要见血的，预期变了，这种公告，还不如不要发，领先的疫苗三期都快结,小虞操盘策略,11-08 23:01,"/news,600196,977042000.html"
4351,10,决定以后不看股吧，真的太多了，没办法用语言形容。资本市场，明明利好，非要说是,股友92396A220A,11-07 17:25,"/news,600196,976963627.html"
7853,15,今天获美国FDA药品临床试验的公告，有人认为是与10月9日的公告一样，其实实质不,佛山黄大仙,11-07 07:38,"/news,600196,976916817.html"
2420,6,比较一下人福药业与复星医药，同属疫苗板块，人福利润负增长，复星正增长，且增幅不小,股友YpcNRv,11-06 19:39,"/news,600196,976888069.html"
9214,44,明天补涨。今日已跌无可跌。53以下有大资金护盘，再次验证52大底的成色。大盘趋势,有耐心有恒心,11-06 19:09,"/news,600196,976506962.html"
4629,21,影子中的疫苗,股友OlRUpK,11-06 15:10,"/news,600196,976276242.html"
1620,9,奉劝你们这群无知的小散，该跑就下决心跑，外面好股一堆，为什么非要晾在这条拉几身上,兜兜转转又三年,11-04 22:16,"/news,600196,976188882.html"
8103,16,复星医药再回应新冠疫苗研发进展时表示，“在中国，临床Ⅰ期进入数据分析阶段，临床Ⅱ,借人之智,11-04 21:17,"/news,600196,976212677.html"
3295,6,虽然b1换成B2肯定是好的，但不可避免明天机构会利用模糊概念来做恐慌打压，最近都,股友YzVN3l,11-04 19:17,"/news,600196,976191979.html"
7099,66,复星主力明天别这样阴跌了，我10万把钱投这上我老公不知道，这几天让我把钱准备好，,股友OFjTi7,11-04 15:28,"/news,600196,975596918.html"
11238,15,"今天开炒A股唯一正宗CAR-T概念,蝈蝈价值远超蚂蚁!",霸波龙爪手,11-04 09:45,"/news,600196,975733584.html"
8229,14,三季报将决定复星全年走势今天部分医药细分龙头上涨，如康龙化成上涨。复星的三季报将,感恩时代,11-03 14:50,"/news,600196,973814528.html"
8847,11,路透社11月1日消息，英国药品和健康产品管理局（MHRA）已开始对潜在新冠疫苗实,伏底狂魔,11-02 19:48,"/news,600196,975296214.html"
11534,31,复星医药请不要让我们失望太久[鼓掌]投资大佬和我私聊说，复星是中国最具国际视野的,感恩时代,11-02 08:47,"/news,600196,975193998.html"
2503,9,漂亮环比增长7%，达到20%，单三季度同比增涨39%，明天有望涨停，外加目前目前,一起吃大肉,11-01 16:23,"/news,600196,974659038.html"
2918,7,复星接下去涨跌我可以说没有人知道，未来的东西只有鬼知道。技术在运气面前啥都不是，,斯文拧,11-01 13:19,"/news,600196,973222953.html"
25618,48,预计三天后 BNT162b2 疫苗即可在国内获批临床试验。,aliella,11-01 10:25,"/news,600196,971817704.html"
22937,92,复星医药8月走势预测（8.8）,Gffddsaa,10-31 08:19,"/news,600196,953697995.html"
12077,16,复星医药，一只有大资金介入的股票。我愿意相信它是目前市场中少数值得信赖的好股票，,愚公移山T不停,10-30 15:58,"/news,600196,971484348.html"
8596,24,复星季报没有达到我的预期，以为至少会有+40%，可惜只有20%，跟上半年一样，说,Gain多多,10-30 10:25,"/news,600196,974661986.html"
13292,25,【一把直尺打天下】复星医药,交易员云起,10-29 08:59,"/news,600196,973325542.html"
14165,26,财新网10月21日晚报到说BioNTech的疫苗都会在德国生产，包括国内用的也会,Gain多多,10-28 16:34,"/news,600196,972547646.html"
6621,26,周未股市杂谈:今天说说什么叫当头跌，什么叫当头涨？什么叫当头跌呢？一个股票30个,神奇术医炒股参谋,10-28 01:15,"/news,600196,959922934.html"
17641,42,出现死亡的是牛津大学与阿斯利康合作研发的新冠疫苗的试验者，而又不是德国拜恩泰科和,钱塘簑笠翁,10-27 00:21,"/news,600196,972841013.html"
6869,9,稻草不背这锅，这锅蚂蚁该背。压死骆驼的是稻草，压垮A的是蚂蚁，有没有这种可能？还,哈啦哈哈,10-26 23:49,"/news,600196,973264049.html"
13309,49,我觉得，不管疫苗不疫苗，即使复星没有疫苗，以它四十倍的市盈率，在医药制造版块很多,巴非特0001,10-26 11:37,"/news,600196,973084077.html"
1773,7,【韩国接种流感疫苗后死亡人数升至48人】据记者了解，韩国接种流感疫苗后死亡人数已,谢谢祖师赏饭吃,10-25 11:22,"/news,600196,973210083.html"
6953,11,复星医药作为一家集各种概念于一体的幼稚蓝筹股近期获大机构大资金追捧杀跌其下跌空间,十二月令,10-25 01:06,"/news,600196,973187106.html"
9318,37,今天复星低开低走，上方还留下很大缺口，虽然医药疫苗今天表现都不好，但复星的走势不,Gain多多,10-24 17:11,"/news,600196,972739795.html"
14912,41,复星pk恒瑞，从市赢率到股价的比较，从生产科研到市场的投入的比较，复星站位都是经,言迟总动员,10-24 16:37,"/news,600196,969843737.html"
9060,19,既然看好，就坚定持有！,闲人老李,10-23 19:41,"/news,600196,972702216.html"
24145,81,突破55--58附近以后，意味着复星的主升浪正式开始！必创历史新高！,丛蓉,10-23 16:56,"/news,600196,970577479.html"
2204,11,Biontech公司表示正在寻求除辉瑞以外的医药公司生产疫苗，最可能是复星医药，,我的家乡是个小山村,10-23 16:37,"/news,600196,971547534.html"
18908,44,复星医药b2最新动态，不作为买卖依据。明天如果复星医药站上61.5元之上，这星期,哈啦哈哈,10-23 00:45,"/news,600196,972132015.html"
7633,24,每剂2百元，每人2次4百元，全球的75%50亿人接种，市场空间2万亿，每2年后又,北斗星空,10-22 22:11,"/news,600196,972482317.html"
4866,33,哎！58卖掉了，真是错大了！,欲望啊,10-22 16:34,"/news,600196,971368810.html"
19475,59,种种迹象表明复星医药要第一个吃螃蟹！,彩云逐日,10-21 12:55,"/news,600196,971851013.html"
6267,29,Biontech公司表示正在寻求除辉瑞以外的医药公司生产疫苗，最可能是复星医药，,我的家乡是个小山村,10-21 06:40,"/news,600196,971547526.html"
9702,20,没有一直涨，也没有一直跌的股，没跌破位，是不是机会?,力挽狂瀾,10-20 20:54,"/news,600196,971767583.html"
7774,13,复星医药的春天来了，而你却还忘不了寒冬！,彩云逐日,10-20 20:21,"/news,600196,972050631.html"
9714,8,复星医药今天下探后需收在59元附近。下探收阳有没有可能？但不能有效跌破56元，下,哈啦哈哈,10-20 16:19,"/news,600196,971923087.html"
4550,7,复星医药的 几个关键点,giuge,10-20 14:28,"/news,600196,971508292.html"
3339,19,复星大概率是一日游，次价格区域套牢盘过多，需要反复震荡一段时间，明日高开低走的行,凸先生归来,10-19 17:21,"/news,600196,969957649.html"
3251,10,复兴医药复兴了？,力挽狂瀾,10-19 15:26,"/news,600196,971321336.html"
7075,45,今天想说很多，内心很苦，这是杀戮，没有办法。唯一的出路就是远离。你们好，我心已碎,资深经济专家,10-17 11:53,"/news,600196,955968054.html"
12299,18,重大突破！600亿疫苗巨头签大单墨西哥将采购3500万剂！把握好节奏就能赢大利，,风花雪夜无情人A,10-16 15:18,"/news,600196,970942759.html"
18695,32,复宏汉霖-B新冠中和抗体HLX70新药临床申请获FDA批准！,AB股市淘金,10-16 14:54,"/news,600196,969546165.html"
11130,11,作为国内医药龙头，也是新冠疫苗研发第一梯队的复星医药，缘何股价波动如此之大？千亿,操盘必读,10-16 14:11,"/news,600196,969892777.html"
19840,64,今天卖出复星医药的各位，明天估计很难买进了，除非追高！大盘在前期缺口附近盘整，今,大爱无疆感动上天,10-16 10:40,"/news,600196,970802218.html"
4655,9,买早了。今天赚滴全给你了，明天来个低开难受喽[快哭了]知道你下午要跳水，结果还是,专业提醒,10-14 22:03,"/news,600196,970453341.html"
14626,22,如此大盘，作为一个昨天涨停的新冠概念股，跑不过指数真是无语了。不过既然做了二三周,愚公移山T不停,10-14 11:56,"/news,600196,970149214.html"
12062,24,记得比尔盖茨讲过：未来最具成长性的股票一定是与基因、医药、科技有关的企业。遍览A,Black洞资本,10-14 11:53,"/news,600196,967991857.html"
22461,50,国药疫苗已经在国内开始注射。尽管复星医药近日上涨了不少，试问有多少人赢大利的？众,风花雪夜无情人A,10-14 08:41,"/news,600196,970332598.html"
14276,77,今日50.3附近买入复星，复星月K线已经圆弧底向上成功突破，初现大牛相！,丛蓉,10-14 08:11,"/news,600196,949515656.html"
9148,55,计划不如变化快，今天本股神正式建仓复星医药,Immortality,10-13 14:05,"/news,600196,967735895.html"
11913,19,复星医药还有2倍涨幅，现价可大胆买入。但复星医药缺乏自主研发的自主知识产权产品，,佛手护河山,10-13 11:14,"/news,600196,969957040.html"
11138,23,大家双节快乐！假期没事研究了一下复星医药：公司质地优良，连年来营收都是连年增长，,第二代股民,10-13 10:43,"/news,600196,969192179.html"
14145,17,拥有国产疫苗和进口疫苗双重产品，治疗药物获批美国临床，与国药签订疫苗合作协议，复,直隶壶公,10-12 14:39,"/news,600196,969963197.html"
4391,22,今天再次提醒，减持了，必定跌成狗，没有侥幸，没有任何借口。抛了肯定没错，任何时候,股友YzVN3l,10-12 07:41,"/news,600196,968837003.html"
6242,7,A股复星医药和港股复星医药走势有关系吗？对比分析一下就知道了～1，港股复星医药从,伏底狂魔,10-10 14:59,"/news,600196,969373848.html"
3974,7,复星自己不生产新冠病毒疫苗，且中国大陆几乎无疫情，大多数人没有疫苗需求！复星真正,雨龙5570359,10-09 04:28,"/news,600196,969520020.html"
12967,10,作为曾经在复兴上赚过钱的小散之拙见,ozben,10-08 15:06,"/news,600196,969273747.html"
3585,19,明天跌停已经板上定金了，只看连续几个跌停。麻烦大了，看两个跌停后有没机会卖出。这,股友YzVN3l,10-06 17:14,"/news,600196,968784553.html"
6683,12,那个懂事的要减持，11月至来年4月减持。这老家伙不会蠢到在低位减持吧！看来这股跌,licy55,10-03 21:19,"/news,600196,968930834.html"
18638,24,复星医药不断增持自已股票，恒瑞医药流通盘比复星医药大一倍多，股价长期站上90元上,神奇术医炒股参谋,10-03 20:53,"/news,600196,968041048.html"
12171,21,巴菲特十大投资名句：1.第一大投资原则：独立思考和内心的平静。2.在别人贪婪时要,股海无涯GC,09-28 21:48,"/news,600196,968174334.html"
10854,31,只要一涨，就会有人跳出来说利空，今天这么明显的一阳串三线，不明白的请去问度娘，今,嘿嘿闷声发大财,09-24 20:46,"/news,600196,967292617.html"
12859,135,打新冠疫苗，一人1000，10亿人就是1万亿，复兴目前1000多亿市值，6000,股海沉浮慢慢沉沦,09-24 14:00,"/news,600196,962136990.html"
7594,22,将复星与恒瑞与进行比较，几乎成了投资者绕不看的话题。对于复星，各种面孔都有：嘲笑,问冰的蝉,09-23 23:58,"/news,600196,937882260.html"
12492,78,手拿35只股，有大虾说，最好5只股，我想，我还是把钱分散开比较保险！搞毛线，也没,包包理资本,09-23 15:36,"/news,600196,961611506.html"
6643,17,大单蜂拥而出，说明了什么？,闲人老李,09-23 14:41,"/news,600196,965468765.html"
18152,13,复星医药：新药密集上市期，投资价值凸显粽哥2025-头条号2020/9/1819,北斗星空,09-23 11:11,"/news,600196,966182688.html"
5414,11,复星医药 已经止跌了。,giuge,09-21 11:09,"/news,600196,964900421.html"
3820,16,投资就是要看这公司未来三十年内，会不会倒闭，会不会继续发展，有没有前景。很明显，,鳄鱼之神,09-19 17:23,"/news,600196,964373137.html"
1958,10,如果持有复星的股票就请发点正能量的帖子吧！别好坏不分的说这说那的，如果持股大多数,六月荷67,09-19 13:24,"/news,600196,966118742.html"
14045,49,复星医药股！调整到位啊！！利好好疫苗分销运输，准备好了！！辉瑞疫苗效果相当好三期,a196311a,09-18 20:10,"/news,600196,962619684.html"
9003,20,辉瑞公司在研新冠疫苗试验参与者出现副作用反应！,巴_鲁_克,09-18 14:41,"/news,600196,965709271.html"
3630,37,一b2在国内一二期没展开，b2无法在国内销售二别人都交定金了，复星没有三国内没建,易水寒IV,09-18 10:24,"/news,600196,964524966.html"
10205,23,复星的核心产品在这，不要总是盯着新冠疫苗,SunDJ,09-18 07:22,"/news,600196,965497192.html"
5039,33,复星医药：聊几句大家想听的！一、半年报0.67元，同比增长13%，环比一季度增长,小小散老焦,09-17 16:24,"/news,600196,959156031.html"
8049,28,明天肯定涨，就是涨多少的问题。全国抗击新冠肺炎疫情表彰大会将于9月8日上午10时,哈佛计算员,09-17 13:43,"/news,600196,962600347.html"
4224,14,这个股的主力鸡狗真是太衰了！这么好的基本面已经跌去快一半了，早已经超过普通散户的,股市幸运命,09-17 08:47,"/news,600196,965188528.html"
7399,32,昨天下午有资金捡了点筹码，今天如果能过49，可能有戏，如果48.5都过不去，那还,鸡蛋大王,09-16 14:34,"/news,600196,964922144.html"
9022,87,快点抄底，大盘已经到了下轨，不要等到上涨了再追，为什么被套在山顶上？都是因为在低,张师傅9,09-16 13:38,"/news,600196,959010024.html"
4461,6,复星医药跌途漫漫，从日线，周线来看，现在正是下跌期。一只股票从高位下来要经过下跌,花开红艳艳大叔,09-16 12:51,"/news,600196,964920172.html"
11859,78,复星医药中考成绩单来了~~~,中长线客V,09-16 12:24,"/news,600196,958681131.html"
7113,26,可以明确的告诉小散朋友，复星这亇股价已极具投资价值，撇开疫苗不谈，只看几家子公司,存在活着往前走,09-15 15:29,"/news,600196,964746943.html"
5037,30,复星医药最后一跌了！已经调整到位啊！！看看幅度，看看吧！！量能，看看外资买入金额,a196311a,09-15 14:31,"/news,600196,964679467.html"
4453,7,医药企业的生存基础是创新研发9月10日，由金融界主办的以“企业责任与长期价值”为,小人物雨花石,09-15 10:18,"/news,600196,964769096.html"
5352,37,复星医药连续利好消息啊！都是重量级的啊！核心竞争力太大啊！！疫苗抗癌药检测试剂美,a196311a,09-14 13:48,"/news,600196,963488075.html"
6836,26,37.29清的复星医药，并且提醒风险（见4月16发的贴），如今再次回来建仓。走势,何然静,09-14 13:47,"/news,600196,937840386.html"
2015,6,复星医药，跌下来开始分批买进，拿了快两周了，。今天盘中分时，明显感觉有人砸盘动作,点石满腹的无崖子,09-12 22:22,"/news,600196,964234887.html"
9486,49,疫苗是肯定出来的，只是时间问题，而且就算出来，也肯定是复兴，也只有他们才获得国际,嘿嘿闷声发大财,09-12 21:43,"/news,600196,962143254.html"
3082,29,仔细想想，疫苗其实是个伪行情。一是人们并不太愿意接种疫苗，特别是那些非传统疫苗，,明月流风,09-11 20:52,"/news,600196,963421937.html"
5197,16,复星醫藥基本結束，若有反抽也不會有高度，為了出貨，在講尤其有了創業板的20尤為糟,羅東V,09-11 18:08,"/news,600196,962086649.html"
8290,81,复星医药超级大牛股，黑马一匹！特别是疫苗，论质量，论研发进度，皆能甩所有疫苗企业,包包理资本,09-11 06:54,"/news,600196,962808227.html"
7376,17,可以看biontech和辉瑞的最新资讯，162b2效果再次得到验证，复星b1的实,GBmasterXIUGE,09-11 00:46,"/news,600196,963396769.html"
2903,16,早上都急着割肉止损，尾盘又收回来，割肉的兄弟姐妹们气不气，看好此股的坚定持有，,三万实盘追板,09-09 21:15,"/news,600196,961969087.html"
3061,8,我除夕前一天买进复兴医药，拿了差不多半年，三十八块多都没卖，启动的前两天33元卖,ydr1967,09-09 05:15,"/news,600196,962508685.html"
2620,12,[cp]实时播报：2020年9月7日，上海复星医药（集团）股份有限公司与国药控股,必达8858,09-08 00:17,"/news,600196,962538211.html"
3796,6,号外：天上主力即将进入600196,看趋势投资,09-07 19:17,"/news,600196,962529543.html"
10492,16,复星医药买断大中华区，辉瑞买断biontech的疫苗全球权益。为了确保其疫苗保持,修身炒股行天下,09-07 15:44,"/news,600196,962121565.html"
3308,31,今天清仓删自选了，（换了一点科技和军工），估计明天会涨了（一般我一卖就会大涨,若凡55555,09-07 07:37,"/news,600196,960847250.html"
4226,10,我是赌客修练者，现在才真正明白赌客的要义，我的本金严重不足，不应该博弈这只股票，,股市赌客修练者,09-05 22:14,"/news,600196,960120204.html"
5848,58,超大利好，复星半年净利17.15亿元，同比增长13.1%.每股收益0.67元。你,fhmbxxi88,09-05 15:51,"/news,600196,961738186.html"
16383,49,复星医药周一走势很重要，如早盘低开3个点，半小时内往下跳空缺口未补，说明周五属于,神奇术医炒股参谋,09-04 21:37,"/news,600196,959989276.html"
4479,13,图文分析600196复星医药,花裁缝1,09-04 19:13,"/news,600196,954218694.html"
14383,30,本人上调复星医药未来12个月目标价200元，增持评极！我07年30万刚入市时买过,专追涨,09-04 15:16,"/news,600196,960072754.html"
8467,17,看看8月28日大卖外资1115.6万股计6个多亿的是谁？汇丰、花旗、渣打、摩根大,看好了买,09-04 14:42,"/news,600196,960039038.html"
6694,9,复星日K线∨型反转直上的可能性不大，等反弹上去涨不动了之后再下调跌不动，如此往复,奇惠投资,09-04 14:21,"/news,600196,960015051.html"
5265,23,还是那句话，随便主力怎么上串下跳，就是不为所动，做T的注意了别又像28号那天涨一,三万实盘追板,09-03 22:16,"/news,600196,961281395.html"
1393,7,复星必须一路阴跌回归30的观点不变，还是这个理由，此股已严重提前透支！专治各种不,华粤手机网友,09-03 20:44,"/news,600196,961608677.html"
3069,15,本来存了20万，打算找个帅气的小哥哥嫁了，结果69.8买了复星。现在天天看着钱越,风雨淋淋,09-03 15:59,"/news,600196,954900387.html"
4183,8,复星医药从医药，医疗保健，医疗器械，医药创新各方面综合素质，在国内算得上是一流的,存在活着往前走,09-03 04:42,"/news,600196,961239582.html"
4471,10,你们也不要駡复星医药，医疗医药板块都在跌，热点凝聚在创业板，创业板Ⅰ0元底价股都,神奇术医炒股参谋,09-02 21:43,"/news,600196,961229046.html"
4144,16,跌是跌不下去了，但是要涨还挺难的，估计50—55震荡半个月，再开始慢慢涨，一周涨,暴走战神,09-02 19:17,"/news,600196,961216630.html"
5576,45,复星前期已严重透支，股价必须续步回归30左右！君子不立危墙之下，快撤为妙，否则裤,华粤手机网友,09-02 18:18,"/news,600196,960869760.html"
1582,9,国家对新冠疫苗研究生产特别重视，主力正在震仓吸筹建仓中，连续下跌主力往往是建仓，,神奇术医炒股参谋,09-02 16:18,"/news,600196,961053906.html"
3073,16,复星明天一根大阳线，必须大涨，没有其他选项，因为再跌就全部走坏了，我也会割肉走人,一直就很牛,09-02 09:14,"/news,600196,960513594.html"
6303,28,都是创新医药，恒瑞医药业绩不如复星，盘子大一倍，股价还高80%，恒瑞医药还没有新,爱我白云山,09-01 19:50,"/news,600196,960719445.html"
9461,34,停牌90分钟。想清楚了买卖？你买了是为赚钱的，不是来送钱的？几个点一震就裤子？,专追涨,09-01 19:20,"/news,600196,960365991.html"
5892,44,抛！复星医药高估，代销BioNtech疫苗，BioN市值500亿人民币左,心向阳无往不胜,09-01 16:50,"/news,600196,952978299.html"
7625,42,成交温和放大，说明机构运作明显啊！！反弹继续啊！！复星医药具备大牛股特性，核心竞,a196311a,09-01 15:56,"/news,600196,960543326.html"
6144,19,复星39倍市盈率，疫苗医药股最低。中报净利17亿，每股收益0.67元。很少有半年,fhmbxxi88,09-01 15:08,"/news,600196,958777202.html"
10541,44,投资妹在科技股上的失误太大了，错过了很大的一波行情。当然为什么错过呢，因为投资妹,我只是个投资妹,09-01 14:12,"/news,600196,960206585.html"
6033,50,热贴被删不要紧，观点被人隐藏也没关系，我就想学习一下，图中如此沉重的这座大山，我,包包理资本,09-01 13:14,"/news,600196,960180455.html"
10049,36,我直接把8月6号市场散户和主要机构的心理分析下，相信就很清楚了。大部分散户的想法,何然静,09-01 11:32,"/news,600196,959796302.html"
5109,27,复星医药是好股，但是，恐慌盘还没出来，横盘几天再下杀20个点到42元左右，反转就,股海好运来568,09-01 11:02,"/news,600196,958741305.html"
3549,51,怎么办哦！这个票天天都不敢看了，每天都跌我78的本，一直做套做到70就没钱了,zdyzw,08-31 20:10,"/news,600196,958654123.html"
4148,12,说实话，我仅有三手股票，允许最大持仓是四手股票，从六十六块跌下来，我一手一手的买,股市赌客修练者,08-31 19:53,"/news,600196,957959185.html"
35523,218,首先恭喜还在坚守的同志。复星医药不管中期顶部是否为之前预测的74.50区间，我个,何然静,08-31 13:32,"/news,600196,952841044.html"
7660,8,在疫苗的研发中，人们最担心的就是ADE（抗体依赖增强）现象的发生。如果出现ADE,天风研报金股AAA,08-31 11:03,"/news,600196,960173259.html"
7591,10,又是重大利好复星医药就是金矿一样啊！！不断有重磅药推出的啊！！民营药企绝对龙头股,a196311a,08-31 10:54,"/news,600196,960205273.html"
2927,8,如何唱空，我来教你1.因为美国优先政策，第一家问世的疫苗一定是M家的，而不是德国,from_zero,08-31 08:14,"/news,600196,960190194.html"
45359,270,复星医药第一目标先看75--80左右~也就是康华生物的十分之一价位~有没有可能性,中长线客V,08-30 23:31,"/news,600196,950309527.html"
3422,10,判断张跌是极不负责任的行为。买卖真的要靠自己分析决断。别吧自己当股神了。有哪个股,股海揾银,08-30 20:37,"/news,600196,960153590.html"
3539,6,国产替代，（国务院办公厅关于促进医药产业健康发展的指导意见）第13条规定，国产药,SkyblueNic,08-30 14:54,"/news,600196,960124622.html"
3422,14,有的机构和主力可能是受媒体文章的影响担心复星医药现在接种的是BNT162b1，而,明月流风,08-29 22:34,"/news,600196,953768986.html"
16800,65,看了昨晚公司的公告和今天的董秘回复，更坚定了持股复星的信心。对于新冠病毒，复星在,明月流风,08-29 22:14,"/news,600196,954560670.html"
4499,8,北向大概还有26个亿资金在做底仓，前天卖了11万手，昨天接回9万几手，今天又卖了,聆听殇之痕,08-28 21:31,"/news,600196,959964631.html"
6801,50,昨天吴总发话的意思就是复星是硕果仅存的役苗A股,霸波龙爪手,08-28 20:49,"/news,600196,959204629.html"
3879,15,验证我说过有这个速度跌下去，就会有同样速度涨上去，这是规律，关健复星医药己出现上,神奇术医炒股参谋,08-28 16:45,"/news,600196,959860652.html"
4275,27,这是真利好啊大哥。订单意向书都搞好了。业绩增长，仿制药通过审批上市。我真的不知道,亏损90了,08-28 14:50,"/news,600196,959533878.html"
13746,40,股价明天涨不涨不知道，但基本面好於恒瑞医药，恒瑞医药一季度每股収益0.27元，二,神奇术医炒股参谋,08-28 12:14,"/news,600196,958712272.html"
2608,6,连养几百头牛的都比不上，有毛线用？平常港股涨，你涨不过一半，跌起来比人家跌多一倍,聆听殇之痕,08-28 08:03,"/news,600196,959528099.html"
3823,11,看见那么多散户被套，过来说几句算是行善积德，此股下跌的原因很简单，就是前期涨幅过,实现小目标1,08-28 04:39,"/news,600196,958658552.html"
2567,16,说好的长线资金结果在做t。更搞笑的就是内资知道外资跑了今天还继续跌给他们在做t回,亏损90了,08-27 20:59,"/news,600196,959512069.html"
9944,68,德国疫苗可以有10亿剂市场，假设30美金一剂，300亿的市场。纯利润至少百分之5,神秘人7,08-27 16:55,"/news,600196,957815211.html"
5940,12,复星医药买断的大中华区疫苗，越来越优秀。昨天辉瑞公布的biontech的b2数据,修身炒股行天下,08-27 15:44,"/news,600196,957500692.html"
2825,9,我怀疑，全部的传统股票理论都是错的，所以，我一直在修练，也就是修练一条与现在主流,股市赌客修练者,08-27 09:36,"/news,600196,958375709.html"
8868,41,长三角龙头股复星医药股！坚决买入坚决不动摇呀！生物疫苗生物治疗癌症药核心竞争力力,a196311a,08-26 14:52,"/news,600196,958016000.html"
10490,65,这是配合集团的大动作，要参军蚂蚁呀！,霸波龙爪手,08-26 14:01,"/news,600196,952516064.html"
3469,10,复星之所以跌跌不休，主要前期涨幅过大！利好透支！今晚出半年业绩公告，估计还得继续,疫苗王,08-26 10:42,"/news,600196,958648412.html"
4443,11,复星医药中报每股收益0.67元，比恒瑞医药高出0.17元。狂犬疫苗、核酸检测是复,哈啦哈哈,08-26 09:25,"/news,600196,958678141.html"
9556,76,恒瑞医药流通盘53亿，去年年1.20元，中报0.50元，市盈率91倍收盘股价10,神奇术医炒股参谋,08-26 07:01,"/news,600196,957861325.html"
6985,28,复星醫藥从79跌倒了53，我54已經進了一次，共分三次出手，你越跌就越進，假設你,羅東V,08-26 07:00,"/news,600196,957946139.html"
5438,8,"复星醫藥明天是个轉执點,从79跌到52，假設跌破50內全倉推進，高開2个點之上也",羅東V,08-26 06:40,"/news,600196,958739058.html"
3726,17,长春高新股价447.79元，半年净利13亿。复星医药股价52.98元，半年净利1,fhmbxxi88,08-25 23:37,"/news,600196,958698863.html"
3820,14,这个票调整幅度可能要超出很多人的想象，月线级别背离。再从基本面看，疫苗进展不明，,lzh951668,08-25 23:23,"/news,600196,958452874.html"
4081,7,近期，会有一个地板留给准备建仓的你！全完不要着急！有兴趣的可以看看我前几天给出的,阿呆是盏路灯,08-25 23:17,"/news,600196,958726339.html"
15597,24,四十的复星医药和四十元的西藏药业，走出了两个完全不同的风格，为什么呢？手中握着核,廖华硕一一钟玉情怀,08-25 23:05,"/news,600196,956703013.html"
4333,26,怎么办哦！这个票天天都不敢看了，每天都跌我78的本，一直做套做到70就没钱了,zdyzw,08-25 20:31,"/news,600196,958653710.html"
2961,14,其实大家也都知道，中报是肯定同比下降的。看一季报就知道了。为什么还要发梦中报有惊,股友YzVN3l,08-25 19:13,"/news,600196,958669033.html"
27146,235,65以下卖掉复星医药的人们~除非投资及代理的德国疫苗失败≈否则65元盲目杀跌不可,中长线客V,08-25 15:50,"/news,600196,954015107.html"
9528,56,复星医药业绩好准备第二波上涨反复，走强！坚决看好复星医药股！中国生物制药的绝对龙,a196311a,08-25 15:37,"/news,600196,958364991.html"
24914,241,昨天晚上这条新闻，你们猜秋季上市的疫苗里有没有复星合作的这家疫苗？我猜有！[呲牙,胖胖的招财猫,08-25 14:43,"/news,600196,955365692.html"
5333,36,国药就爱放大炮，好大喜功。100%保护率这是可能吗？说99%可能还信。以前所有疫,华天酒地呢,08-24 20:46,"/news,600196,957348910.html"
9848,17,不要迷信主力净流入净流出，实际都是相反的，复星65元至79元主力净流入每天6个亿,神奇术医炒股参谋,08-24 17:04,"/news,600196,956605000.html"
2440,14,美股异动 BioNTech SE(BNTX.US)盘初涨超14%，称BNT1,市场集结号,08-24 10:13,"/news,600196,957861591.html"
9583,31,新冠疫苗中国大概需要25亿支，如果每支40元，大概1000亿，里面的净利润大概4,股权资产估值,08-24 10:12,"/news,600196,957962168.html"
5015,14,这是我的建仓买卖全部记录，现在持仓浮亏百分之十多小小，我计划做到疫情结束，计划最,股市赌客修练者,08-24 07:31,"/news,600196,957959874.html"
2396,6,复星医药，从低点反弹到现价，也就涨了一倍，多吗？看看医药板块，涨四五六倍多了去，,z654737,08-23 22:09,"/news,600196,957915386.html"
1978,7,美股异动  BioNTech SE(BNTX.US)盘初涨超14%，称BNT1,市场集结号,08-23 19:06,"/news,600196,957795071.html"
6248,18,复星医药是被我抽取为本周幸运持仓股票，星期一重新建仓，反正是博弈，是赌，每周五选,股市赌客修练者,08-23 15:17,"/news,600196,957792071.html"
2210,8,从理论上讲，科技才是第一生产力！是立国、强国之本！可现在什么白酒、酱油、醋成了好,把股海当娱乐666,08-23 14:54,"/news,600196,957897234.html"
19570,25,复星医药持有国药控股近50%股权，国药控股另一半国药集团持有，国药集团就是中国生,光头强54321,08-23 13:14,"/news,600196,956700759.html"
1226,9,BioNTech涨近10%，有望10月份寻求疫苗监管审查,市场集结号,08-23 12:44,"/news,600196,957794847.html"
18621,76,复星医药砸出黄金坑，复星医药不断研制新药上市，公司高速发展阶段，各大机构震荡洗筹,神奇术医炒股参谋,08-22 20:21,"/news,600196,956578184.html"
3155,8,复星医药这种走势不要去猜底了，即使猜对了你敢买吗？但可以每天关注，等那天上涨趋势,走自己的小路,08-22 16:58,"/news,600196,957850823.html"
3477,8,老乡别走！[俏皮]老郭又要开始讲故事了[微笑]不过利好还是实实在在的，正宗疫苗股,向善天天,08-21 23:09,"/news,600196,957755306.html"
2152,11,现在，转看多，今天本股被砸出了个黄金坑，涨势将重启！,股友3jG1lg,08-21 23:07,"/news,600196,956805330.html"
9999,34,调得差不多了，说两句：扪心自问：即使俄疫苗注册生产，即使陈巍院士研发的疫苗开始量,諾兹多姆,08-21 22:54,"/news,600196,955830855.html"
11819,68,真是邪门了，3只票，那个重仓那个跌得多！,欲望啊,08-21 15:14,"/news,600196,956828513.html"
4037,20,疫苗股：西藏药业、复星医药、鹏鹞环保性价比（炒商分析）,私募大院看门老头,08-21 15:02,"/news,600196,952492406.html"
1587,6,你们不看新闻么牛津疫苗由牛津大学教授成立的研究公司Vaccitech负责研发，其,股友I2JOir,08-21 14:49,"/news,600196,956965365.html"
10096,24,疫苗股票前期投资是猜测，有次概念的股票，可能都会涨，也就是说，很多公司都在研究，,lzh951668,08-20 19:55,"/news,600196,957192931.html"
4034,16,好票的话H股早就暴涨了，A股机构进去太多，接盘散户不够用，几个大V天天说能到10,铂金局,08-20 15:34,"/news,600196,955824524.html"
1632,14,黄昏之星，北向资金，机构都在大幅抛售，市场一致认为估值太高，泡沫太大。现在还有唱,股友tavKb2,08-20 13:11,"/news,600196,953816179.html"
8015,79,说复星医药上100的人呢？这货就是骗钱圈钱而已，上涨是绝不可能的，至少还要再跌3,海豹猎手,08-20 12:49,"/news,600196,956883578.html"
7912,52,兄弟们我撤了受不了了。48的本。一路从80跌到现在。撑不住了。止跌了反弹一两个点,亏损90了,08-20 08:26,"/news,600196,956790694.html"
2186,9,复星医药早就走弱了，这波上涨得益于新冠疫情，炒一把就走，主力是为挣钱而来的，现在,靑源哨712,08-20 07:46,"/news,600196,956630446.html"
14365,63,复星医药：连续大跌后，再聊几句从最高点79.19元到今天的最低点56.68元，复,小小散老焦,08-19 20:48,"/news,600196,955026237.html"
12221,60,复星医药特殊题材疫苗世界第一股！已经占领疫苗最高点的啊！！所以复星医药具备再创新,a196311a,08-19 17:22,"/news,600196,954597783.html"
18437,67,盘面异常难看，顶部的黄昏之星威力巨大，20日均线轻松被破，支撑位55.6，30日,成果丰富,08-19 13:54,"/news,600196,954670023.html"
3504,6,复星医药持有国药产投49%股权，国药产投作为第一大股东持有国药控股56.79%，,趋势小妖姑,08-19 13:12,"/news,600196,956476622.html"
5675,26,今年所有的利润都被复星给吃了，没有见过那支股这样，大盘和板块怎么涨都和它无关一样,就靠炒股养家,08-19 13:03,"/news,600196,956623536.html"
12309,15,国药集团董事长刘敬桢表示，国际临床三期试验结束后，新冠灭活疫苗就可以进入审批环节,FFF股旺金来,08-19 09:38,"/news,600196,956663713.html"
15962,45,复星属于超大集团公司，几十家国内外子公司，伴有数家快国公司，现在股票上市公司即将,神奇术医炒股参谋,08-18 18:29,"/news,600196,955938561.html"
7674,14,拿了复星多年，虽然前几年拿着很纠结，甚至有点恨铁不成钢的感觉，你每年研发费用十几,做个好心态,08-17 22:14,"/news,600196,955934679.html"
27044,158,复星医药8月走势预测2（8.11）,Gffddsaa,08-17 15:18,"/news,600196,954287170.html"
3573,11,28款Covid-19候选疫苗正在进行临床开发或接近终点,股友OlRUpK,08-17 15:11,"/news,600196,955923028.html"
11516,31,药监局最新指导意见对国外新冠疫苗上市开了绿灯，三期临床境外结果将被承认。做为BN,华天酒地呢,08-17 14:32,"/news,600196,955877546.html"
28264,61,周末传的消息，不知对复星影响几何,野百合之春天,08-17 07:55,"/news,600196,953878847.html"
8300,32,复星医药不断有重磅药上市，可以说复星医药每年30多亿研发出成果啊！，非常不易呀！,a196311a,08-17 06:42,"/news,600196,955901413.html"
4814,14,春节前110买进北方华创，节后上涨到180开启调整，股价一度跌到123，吧里唱空,悟打悟撞,08-16 19:49,"/news,600196,955904280.html"
5171,16,复星昨天第一次反攻，最终被空头反扑，最终多头以微弱优势获胜，今天开盘，空头就发起,盘股齐天,08-16 18:59,"/news,600196,955716862.html"
3350,11,下周八股筛选:博彦科技002649収盘价10.90元，诚意药业603811收盘价,神奇术医炒股参谋,08-16 17:09,"/news,600196,955853554.html"
9057,26,明日走势分析,暴走战神,08-16 17:06,"/news,600196,952493405.html"
13737,111,明天(或近期)将要上涨的证据1、股价下跌~与MACD指标背离~吸筹2、股价下跌~,股股吹吹,08-16 13:46,"/news,600196,955029288.html"
4395,18,复星医药:分歧中走出了一段主力派发的上涨过程后出现了高位十字星，然后展开下跌，下,n1433126282a1b92,08-16 11:47,"/news,600196,955759352.html"
9659,44,现在已经到了价值投资的时候了，长期股东的心也已经准备好了，跌也好涨更好，只要有利,只看财务指标,08-16 07:39,"/news,600196,955577846.html"
3265,10,你们没见吧里，唱好唱牛的都这批刚注册1-6个月的大神吗？他们从哪来，为什么那么专,沙朱翁,08-15 20:54,"/news,600196,954207161.html"
7074,8,大家没有注意北上资金已经走了，今天是早期资金获利盘，下一交易日走反弹上涨，当然也,广东股市猎人,08-15 12:39,"/news,600196,955786181.html"
7441,24,真为复星感到骄傲，这得拯救多少没钱用药的患者。曲妥珠单抗就是赫赛汀，降价后还得5,龙吟破晓,08-15 11:12,"/news,600196,955800335.html"
8026,18,复星医药对标恒瑞医药，目前仍然属于低估状态，今年新冠疫情给大家上了一场史无前例的,疯狂狩猎者,08-14 15:39,"/news,600196,953886357.html"
6807,28,问题是周五和今天都有很多医药疫苗股大长腿。例如康华，沃森智飞以及检测达安。复星说,亏损90了,08-14 14:03,"/news,600196,954193879.html"
10374,27,说句实话复星能跌下來，上个星期买了Ⅰ00O股，65元本，71元抛了，一抛就踏空收,神奇术医炒股参谋,08-14 11:59,"/news,600196,954963545.html"
1729,9,算了，换股，不等你了，炒股还是需谨慎，不畏高、不言底。有别的走势明确的，总比在这,鸿爱香蕉,08-14 11:35,"/news,600196,955218297.html"
6038,5,复星医药港股37.7折成人民币30元股价只有A股的40%多。等复星医药每股收益4,一直跟着涨停连长,08-14 09:58,"/news,600196,953910728.html"
4838,60,我说康希诺的役苗进度落后于德方，他们吧里都不服气,霸波龙爪手,08-14 01:55,"/news,600196,955355285.html"
7705,18,前期融资疯狂流入拉了两个板，现在开始回调了，当初买入多少现在就卖出多少有可能还更,股友tavKb2,08-13 20:57,"/news,600196,953677954.html"
7288,32,清一色叫多，你懂的现在不走，亏得裤衩都没有了，这股只是一期，别的都三期了，也就是,干一票媳妇7425,08-13 20:46,"/news,600196,953501451.html"
3820,7,一路上涨的股票，跌起来非常狠。复星医药支撑位到底在哪？当时我也想在BOLL中轨，,哈啦哈哈,08-13 19:47,"/news,600196,954988561.html"
11128,11,财政部提出要大力支持关键核心技术攻关，继续大力支持疫苗和药物研发等新冠肺炎科研攻,股海_神雕,08-13 15:53,"/news,600196,953327623.html"
2488,12,鹏鹞环保的炒作价值是复星医药的100倍！是西藏药业的1000倍！,私募大院看门老头,08-13 11:44,"/news,600196,952401557.html"
18027,84,明天复星医药涨停价是76.67元~跌停价是62.73元~涨停概率大还是跌概率大呢,中长线客V,08-13 09:32,"/news,600196,953901000.html"
15964,34,其实复星还有一个热点，就是肝素概念，也就是应对新冠的康复治疗，其子公司万邦医药是,随风而逝去的青春,08-13 07:49,"/news,600196,953321138.html"
3538,9,四季度大牛股复星医药，疫苗上市随即，翻倍行情预期。建议买！买！买！请好好记着，8,神奇术医炒股参谋,08-13 00:38,"/news,600196,954994911.html"
3833,6,“新冠疫苗第一股”康希诺发布公告称，该股将在8月13日（本周四）登陆科创板。此前,静静的小散,08-12 23:39,"/news,600196,954991407.html"
4727,14,疫苗，比拼早晚？疫苗比拼最大成分是技术，复星合作的biontech是全球mrna,修身炒股行天下,08-12 22:02,"/news,600196,941419041.html"
4788,8,我来说下疫苗国产疫苗大部分都是灭活疫苗只有沃森生物和复星医药是基因疫苗变异的病毒,一绿到底吧,08-12 21:29,"/news,600196,954983288.html"
2957,17,今天早盘竞价买进海尔智家做t，午盘69买进0.5成仓复星医药，尾盘竞价买入0.3,终慎行,08-12 20:58,"/news,600196,953702387.html"
6187,22,复星医药：大涨之后，谈谈疫苗一、传统的弱病毒疫苗：1、技术成熟，已长期广泛应用。,小小散老焦,08-12 16:55,"/news,600196,951780403.html"
5656,20,复星早盘股价大跌4个点，成交二十亿，主力大资金反而净流入3亿!。。。。这是为什么,短线星飞,08-12 16:20,"/news,600196,954241348.html"
4538,29,打蛇打七寸，目前最好的做空标的：复星医药目前泡沫巨大，估值太高，靠消息面爆炒起来,股友tavKb2,08-12 16:12,"/news,600196,954644050.html"
5047,12,这么多天龙虎榜都不给看。真的要是知道是哪个人才砸盘。以后看到就得跑。真的受不了这,亏损90了,08-12 15:33,"/news,600196,954130367.html"
7845,32,接着回调，接着跌。目前关注重点是会回调到多少，会不会60以下。融资盘倾巢而出，机,股友tavKb2,08-12 14:34,"/news,600196,953852040.html"
2189,9,看看这段话：“复星医药和BioNTech计划持续探索及推进基于BioNTech专,CQYCH,08-12 14:02,"/news,600196,952940852.html"
9238,22,以下立项与专利申请解读为重大利好！针对新型冠状病毒的全人源单克隆中和抗体及受体融,古月30264,08-12 13:36,"/news,600196,954232473.html"
12342,23,西藏那有复兴质地好增长快？西藏值一百四五，复兴不值二百元吗？复兴很多新药进入收获,和风谐水,08-12 02:32,"/news,600196,953306947.html"
1516,6,今日国药跌停，早上买复星亏了2点真是痛，今晚能修好新疫车间吗？今天不得要明天了，,用鸡人,08-12 01:47,"/news,600196,954502253.html"
5228,37,复宏汉霖的新冠病毒中和抗体和受体融合蛋白的立项才是复星的惊天大利好。是被钟南山、,明月流风,08-11 17:43,"/news,600196,954371124.html"
22440,14,投资者提问复星医药有没有占德国BioNTech公司股份？董秘回复复星医药：尊敬的,fw2009999,08-11 15:29,"/news,600196,951287537.html"
5772,30,今天56.08进的，亏了9个多点，现在市值是1314亿，这1314是要生要死的意,牛B亨亨,08-11 15:08,"/news,600196,950516267.html"
7277,13,还有十几个点利润，整体疫苗板块包括复兴医药也调整了三天了，好好睡个觉吧，希望明天,凡事自律,08-11 13:11,"/news,600196,954241705.html"
8487,28,纵观复星医药近期刚刚发布进入1期临床后的历史成交量与交易活跃程度！（仅仅20亿多,古月30264,08-11 12:22,"/news,600196,953836187.html"
7270,19,复星医药今天涨停至今已经盈利93%，智飞生物已经盈利205%唯一单票两倍收益。今,快手号股王通,08-11 07:45,"/news,600196,952113533.html"
5542,12,复星医药从高点调整25%以后逐步补仓，有没有必要？,哈啦哈哈,08-10 22:24,"/news,600196,954182200.html"
3572,23,打蛇打七寸，目前最好的做空标的：复星医药目前泡沫巨大，估值太高，靠消息面爆炒起来,股友tavKb2,08-10 22:24,"/news,600196,953797719.html"
4690,17,买入:复星医药（8.10）,Gffddsaa,08-10 22:07,"/news,600196,954007369.html"
3080,8,楼上那个哈啦哈哈！你凭什么说复星医药11号会有反弹呀？我一直没吱声，你说反弹就反,湘江美人鱼,08-10 21:55,"/news,600196,954215984.html"
7387,19,复星医药：周五拉出下跌的阴线实体，表明周四的上下震荡十字星是典型的顶上十字星、黄,宏图远,08-10 20:30,"/news,600196,953808427.html"
8045,26,星期五盘面。有游资散户融资砸盘。机构一直接货。总体来说主导还是机构。资金面广。投,智者在于坚持,08-10 19:53,"/news,600196,953921748.html"
9812,36,复星医药持有国药产投49%股权，国药产投作为第一大股东持有国药控股56.79%，,斐然利市的夏雪宜,08-10 19:44,"/news,600196,953890292.html"
5392,36,因爱生恨，现在吧里几乎是空军，这情景让我更绝望（在55元附近买回来），估计不会深,一个gm,08-10 16:14,"/news,600196,952951897.html"
4437,7,10万年费的机构版：复星医药 : 机构高价扫货 唯一疫苗投产的,股权霸,08-10 13:51,"/news,600196,952751133.html"
21107,63,同康华生物比较，复星医药要涨到每股五百元!复星将在下周大涨特涨，你相信么。先到一,心灵港湾130591,08-10 13:38,"/news,600196,951626409.html"
4559,14,复星明天是关键的一天。这个价位、这个点位，复星医药明天10点半后，涨幅必须吃掉上,哈啦哈哈,08-10 13:14,"/news,600196,953319298.html"
8434,14,一个思考，复星的估值体系在扭转复星医药从2018年股价腰斩，浑浑噩噩，一直不受市,yung007,08-10 11:02,"/news,600196,953373746.html"
8276,10,疫苗还有几天行情。今天美国感染人数过了500万大关，后天全世界感染人数将超过20,明月流风,08-09 20:52,"/news,600196,953878123.html"
16016,57,今天是周六，仅仅说一下见解，不构成你的投资建议，我对复星的期望值是很高的，复星不,资深经济专家,08-09 20:30,"/news,600196,953818263.html"
8682,11,复星目前1700多亿市值，恒瑞5000多亿市值，就算跟恒瑞有差距，但是不至于这么,无痕9055,08-09 18:01,"/news,600196,953819576.html"
2903,21,大致数了一下，有二十几只在唱多的，估计下午晚上会放更多只出来，这里面有注册几年的,股友tavKb2,08-09 17:02,"/news,600196,953853898.html"
1699,9,打蛇打七寸，目前最好的做空标的：复星医药目前泡沫巨大，估值太高，靠消息面爆炒起来,股友tavKb2,08-09 16:36,"/news,600196,953851816.html"
1250,6,下周一会不会造成恐慌踩踏？很大可能。技术派肯定会提前挂单跑，融资盘估计还没抛完，,股友tavKb2,08-09 16:12,"/news,600196,953767220.html"
5392,18,新冠疫苗长期赛道，空间无限，有专家预测，到2022年全球最多生产10亿支，而每个,和风谐水,08-09 15:47,"/news,600196,953783417.html"
1933,14,黄昏之星，北向资金，机构都在大幅抛售，市场一致认为估值太高，泡沫太大。现在还有唱,股友tavKb2,08-09 14:48,"/news,600196,953848494.html"
3561,15,看见吧里天天有人卖了就做空军！买了就做红军！其实这两者都不可取！这样自己也很累！,古月30264,08-09 07:44,"/news,600196,953752418.html"
4717,18,散户太多还需要洗盘，把才买入的套牢同时释放获利盘才是复星走强的基础，主力志存高远,一起爬山呀,08-09 02:59,"/news,600196,953817061.html"
8181,9,复星医药第一次出现分歧，横向做个比较，看看后续怎么操作。,白侠孙南,08-08 22:58,"/news,600196,953789303.html"
16388,55,不得了，美国巨额全球采购肝素钠注射液，复星医药又有新题材:肝素钠，.复星医药控股,股兵突击,08-08 21:59,"/news,600196,953328320.html"
2512,10,接着回调，接着跌。目前关注重点是会回调到多少，会不会60以下。融资盘倾巢而出，机,股友tavKb2,08-08 21:25,"/news,600196,953765334.html"
24467,135,复星医药，今日股价已创历史新高。自2018年12月份建仓至今，收益翻了两倍。之前,何然静,08-08 21:13,"/news,600196,949245297.html"
2366,6,有的机构和主力可能是受媒体文章的影响担心复星医药现在接种的是BNT162b1，而,明月流风,08-08 21:05,"/news,600196,953764942.html"
4780,13,空即是满，满即是空，买这股担心什么，相信领路人，为他念一遍大随求咒嗡、跛囉跛囉、,股梦金来,08-08 20:40,"/news,600196,953799239.html"
3183,10,［置顶］复星医药今天将强势冲击涨停，涨停价83.16元，mRNA新冠疫苗绝对龙头,专炒第1个涨停板,08-08 20:29,"/news,600196,953343535.html"
4302,16,接着回调，接着跌。目前关注重点是会回调到多少，会不会60以下。融资盘倾巢而出，机,股友tavKb2,08-08 19:52,"/news,600196,953795132.html"
8155,8,复星医药这次大涨，由于是短时间连续大涨，让不少人认为要调整想高卖低买而卖丢了筹码,一个gm,08-08 16:26,"/news,600196,951695398.html"
4746,18,还能复兴吗？复星医药持有国药控股49%股份国药控股持有国药股份55%股份国药股份,一绿到底吧,08-08 13:38,"/news,600196,953718104.html"
6062,8,复星下周一必收长阳，因为…,君歌8166,08-08 12:28,"/news,600196,953258380.html"
10539,24,确定性最强且进展速度最快的6种疫苗中含有复星参与的辉瑞公司的疫苗。复星现在要做的,明月流风,08-08 09:34,"/news,600196,953475533.html"
3932,14,8.5资讯的个人解读,暴走战神,08-08 04:23,"/news,600196,952908941.html"
22941,66,现在又来肝素概念.复星医药收购的印度药企gland的依诺肝素钠注射液ANDA已经,一个gm,08-08 01:33,"/news,600196,953376225.html"
17805,107,复星医药我一直看多，目标价一百的。但是我不得不承认作很失败！32块多的时候我,股殇1981,08-07 23:25,"/news,600196,951968862.html"
2094,7,早上好，第几次来看看大家，恭喜福星的朋友们，现在收益起码得翻三倍了吧？所以投资股,卧龙说股到金,08-07 21:44,"/news,600196,953369016.html"
1756,7,看好复星，再好的股票也不可能一路上涨，走累停下来歇歇脚，是为了下一程走得更远，1,存在活着往前走,08-07 20:43,"/news,600196,953493197.html"
6241,100,昨天72做T被T飞了，今天76.57又全部追进来了，T高了将近5块钱五个点左右，,胖胖的招财猫,08-07 17:31,"/news,600196,953032009.html"
8886,27,刚看到隔壁康泰与阿斯利康签署的协议，分享下我的拙见，欢迎批评。1，可以看出国家基,yung007,08-07 16:36,"/news,600196,953269539.html"
16133,37,只有复兴是第三代高效疫苗！其他中国研发出来的都不能完全有效。第三代是根据基因去杀,存在活着往前走,08-07 15:30,"/news,600196,953314998.html"
6428,16,新冠肺炎现全球累计确诊已达1896万人，现在每天还在暴发式增长！昨日累计确诊新冠,Hxj96j6,08-07 09:49,"/news,600196,953279379.html"
5260,11,明天疫苗股大涨了，今晚看到两个利好消息，1是财政部大力支持疫苗研发，2康泰那边发,欣欣向荣天地君子,08-07 08:50,"/news,600196,953304975.html"
5777,15,19:34【财政部：继续大力支持疫苗和药物研发等新冠肺炎科研攻关工作】财政部发布,fw2009999,08-07 03:43,"/news,600196,953290316.html"
26437,65,获批一期临床试验的上市公司只有复星医药一家，其他几家大都,sq山泉,08-07 03:10,"/news,600196,950937897.html"
2625,7,看重要新闻发布,股友38E1Ti8795,08-07 02:15,"/news,600196,953278705.html"
3447,10,[cp]19:34【财政部：继续大力支持疫苗和药物研发等新冠肺炎科研攻关工作】财,必达8858,08-07 02:05,"/news,600196,953293581.html"
14407,34,就《复星医药》研发“新冠预苗”进入临床阶段之观点（不喜勿喷，纯属个人观点）：首先,股友VbT2NH,08-07 01:13,"/news,600196,953245450.html"
13860,38,确定性最高的就是复星医药，美国，英国，日本都下订单了，他们是最发达的国家，可不是,大树198888,08-06 22:12,"/news,600196,951668163.html"
7061,23,正宗新冠病毒疫苗股，锁死仓，等待疫苗上市那一波业绩增长预期翻倍涨幅行情的来临。目,悟打悟撞,08-06 19:16,"/news,600196,953036787.html"
187000,41,复星疫苗与康希诺疫苗那个更早上市,坚持就是胜利555,08-06 16:50,"/news,600196,951326717.html"
14728,121,复星医药6月11日已建议31.95区间建仓，且有望重回千亿市值。6月29日再次建,何然静,08-06 16:40,"/news,600196,946853919.html"
3884,6,全球新冠疫苗汇总分析，目前，国际上进展比较快的疫苗是moderna、bionte,修身炒股行天下,08-06 16:19,"/news,600196,952887409.html"
4540,14,全是唱多的。要知道这个市场还是零和博弈为主。冷静点吧。复星市盈率快80了，价格已,天空之下任飞翔,08-06 16:15,"/news,600196,952159170.html"
6310,25,关于复星医药，最大的风险是.,萧仙人,08-06 15:24,"/news,600196,951214523.html"
3425,6,疫苗股里复星医药是最靠谱的。有马上要上市的疫苗，有新冠核酸检测，有生物制药，有网,超前的投资者,08-06 14:58,"/news,600196,953011435.html"
4335,13,天量正常啊！！复星医药独特性，稀缺性，大家想想吧！！肯定爆买，有了天量成交换手，,a196311a,08-06 14:28,"/news,600196,950458430.html"
12039,24,痛苦的根源在于你的执着。什么是执着？就是你太在意你的感受，你总想抓住不属于你的东,牛牛涨停潮,08-06 09:13,"/news,600196,952940298.html"
12894,10,［置顶］复星医药为mRNA新冠肺炎疫苗龙头，今天将强势冲击涨停板，涨停价64.9,专炒第1个涨停板,08-06 08:47,"/news,600196,951285483.html"
2316,10,为什么庄家每次都算计得这么精准？70元卖出没多久，立即拉升，还拉升到涨停，太过份,奔跑中的小白兔,08-05 22:49,"/news,600196,952830741.html"
6679,35,燕雀安知鸿鹄之志！首先复星是成长绩优股，疫苗是偶然事件之后的必要拓展，海外疫情形,价值投资5889,08-05 20:19,"/news,600196,952549841.html"
16372,71,复星医药，56买的，到74没卖，66卖了，虽然尾盘又涨起来了，但咱知足常乐，有赚,炒股真是不能贪,08-05 16:43,"/news,600196,952456633.html"
20525,68,关于复星的几个信息，昨天发的帖子呗很多人驳斥，应该有不少新进来的朋友。建议各位认,yung007,08-05 16:27,"/news,600196,951840061.html"
15039,12,昨夜，比尔盖茨在关于Morderna新冠病毒疫苗的采访中承认在高剂量的情况下，M,天风研报金股AAA,08-05 15:57,"/news,600196,950924264.html"
7560,16,通过长期跟踪复星医药基本面，我个人认为，最近两年复星医药被市场严重低估了，就国际,价值投资5889,08-05 11:00,"/news,600196,950886288.html"
5874,20,明天反包七十之旅！年底200元大庆复星集团执行董事、总裁汪群斌与蚂蚁金融服务集团,无空天,08-05 08:25,"/news,600196,952522408.html"
3946,6,恭喜福星的股友们，大家今天又吃大肉了。我上一次来是多少啊？好像是50左右吧！这股,卧龙说股到金,08-05 04:42,"/news,600196,952135446.html"
9165,30,分享一个信息，复星与BioN签订的中国区的协议包含了港澳台地区，而这几个地方的疫,yung007,08-05 03:41,"/news,600196,951803123.html"
4330,10,与bioNtech85美元（约合人民币595元/股），36倍市净率，业绩亏损等相,奥斯丁福施福,08-05 02:56,"/news,600196,952490532.html"
7753,23,复星医药主力抢筹建仓中，每次回调都是买入机会，疫苗服批临床使用，机构也刚刚得知，,神奇术医炒股参谋,08-04 22:10,"/news,600196,952104218.html"
7675,22,复星医药今下午第一次冲击涨停板时！股价是从67.97元一笔3万多手至68.45元,古月30264,08-04 21:46,"/news,600196,952096678.html"
4244,6,明天借利好能不能像前两天一样放量跳水留上影线第二天反包。明天如果能反包真的就是龙,亏损90了,08-04 21:27,"/news,600196,952481089.html"
19848,40,［置顶］复星医药、西藏药业两只新冠mRNA疫苗龙头今天将冲击涨停板，理由：1、中,专炒第1个涨停板,08-04 21:02,"/news,600196,950569450.html"
2950,6,牛市并不是你判断要回调就回避，上升过程中类似的这种调整会很多，你现在遇到，未来还,股友1KdTJs,08-04 16:52,"/news,600196,952095706.html"
7898,24,今日走势和明日走势权威分析,金叶1215,08-04 16:43,"/news,600196,949338126.html"
3467,25,明天继续涨停板，收盘股价75.30元，星期三涨停板收盘股价是82.83元，星期四,悟打悟撞,08-04 16:36,"/news,600196,952145216.html"
3498,18,真服了，医药就是医药，什么钥匙，什么智能……这是不是医药我都怀疑了，如果不是医药,白了头王思思,08-04 16:18,"/news,600196,952169169.html"
8632,35,谁见过新冠疫情的危害性这么大?所以疫苗股的股价有多高?是你我不敢想象的!九月上中,心灵港湾130591,08-04 05:23,"/news,600196,951789229.html"
4554,7,疫苗中后期，买啥涨幅可以超过复星医药呢,华仪小散,08-04 00:21,"/news,600196,952122773.html"
8537,23,新冠疫苗唯一唯二的股，确定送钱的事还怕调整？,哈啦哈哈,08-03 15:50,"/news,600196,950523805.html"
10987,27,转岗之前，作为一个研究员，去年分析了许多医药股，很多都已经翻倍，甚至还有翻两倍的,GBmasterXIUGE,08-03 15:48,"/news,600196,938365309.html"
5170,10,复星医药短线涨幅已经非常大7月份涨幅85%，在疫苗炒作中后期应该买点什么股好呢,金叶1215,08-03 14:15,"/news,600196,951613470.html"
6096,19,再说一次！！！！！！！！！！请不要把复星当做概念来看，应该更注重其内在的投资价值,青青翼草,08-03 13:40,"/news,600196,951730795.html"
9853,19,复星这个疫苗是德国那家公司在做，辉瑞与之合作，已经在国外搞了二期了。复星在国内按,贵出低取,08-03 13:33,"/news,600196,950230938.html"
12547,24,继续努力吧！！复星医药疫苗世界第一！！因为已经取取了世界级疫苗中国大区总代理，排,a196311a,08-03 09:07,"/news,600196,951749155.html"
6923,32,看你们这么着急，还玩个几把毛妖股和风口股呢！我来客观说几句。别喷我，不信的可以明,如果爱123,08-01 14:41,"/news,600196,950534455.html"
13318,30,复星医药截止昨天盈利56个点，本人昨天早盘讲过地量低价低风险，获利盘抛出之后如果,快手号股王通,08-01 08:37,"/news,600196,950943032.html"
7086,11,新药研发都是长周期的，一亇单抗新药从研发完成到三期临床完成，到获批上市只少要10,存在活着往前走,08-01 03:26,"/news,600196,951600156.html"
2713,6,这些国内疫苗研究，进入临床的不少，但是都不是上市公司，上市公司里最快的也就智飞生,大树198888,07-31 23:18,"/news,600196,951621393.html"
6179,34,再次来拜访一下复兴的股东们，大家都还好吗？肯定很好啦！。这是今年4月18号分析的,卧龙说股到金,07-31 21:39,"/news,600196,948517367.html"
14785,52,［置顶］复星医药明天起连续18个涨停板，明天涨停价61.48元，来自郭广昌的特大,专炒第1个涨停板,07-31 15:26,"/news,600196,950873850.html"
4226,9,今天一直盯盆，看着要开板迅速挂涨停卖出，尾盘看一直往下砸以为一定会补55.89的,喜欢喝剩汤,07-31 14:52,"/news,600196,951227488.html"
3210,19,人类需要疫苗阻断病毒一切都在赛跑,近视康,07-31 14:43,"/news,600196,951191780.html"
12354,28,［置顶］复星医药为mRNA新冠疫苗龙头，明天将强势冲击涨停板，涨停价64.90元,专炒第1个涨停板,07-31 09:15,"/news,600196,951192832.html"
6681,9,［置顶］复星医药生产mRNA新冠疫苗的子公司获得1亿元人民币贷款流动资金，大利好,专炒第1个涨停板,07-31 09:11,"/news,600196,951228326.html"
9063,19,复星医药今天收盘盈利66个点，冲高回落中阳上影线巨量收盘，出现对冲量产生巨量实体,快手号股王通,07-31 09:06,"/news,600196,951252933.html"
6049,21,复星操盘筹码稳步向上推移分散底部50%筹码7月13号在32元附近,近视康,07-31 08:31,"/news,600196,951200937.html"
3279,11,市场反弹不是天天大阳线，涨多了就会出现获利盘，就会产生抛压。然后市场会进入一个震,股友1KdTJs,07-31 01:44,"/news,600196,951188362.html"
4873,6,今天下午抗疫生物龙头复星被砸，莫名其妙，假如康希诺上市能上500元，复星至少也值,心总是放宽的,07-30 22:38,"/news,600196,951217177.html"
5185,19,大家好我是收破烂的小孩，简单和大家讨论下明天的走势,收破烂的小孩,07-30 19:43,"/news,600196,950514207.html"
5847,42,"新冠疫苗的利润是难以想象的,卖口罩都可赚翻天.康希诺发行价200多,上市会上80",云岭听月,07-30 16:56,"/news,600196,950972911.html"
7125,6,复星医药是个有全球眼光，有格局，有责任感的公司，那么早与biontech公司合作,奥斯丁福施福,07-30 13:28,"/news,600196,949750779.html"
1735,8,不变现，追高的！你们终会明白什么叫做贪婪！奉劝你们，别玩数字游戏了，变现落袋为安,股市坑里抓泥鳅,07-30 09:00,"/news,600196,950910287.html"
12563,28,复宏汉霖：首个“中国籍”曲妥珠单抗于欧盟获批上市,只做老实人,07-30 08:32,"/news,600196,950832619.html"
6177,7,复星医药明天涨停！！复星集团董事长郭广昌7月29日发布微博表示，7月28日，复星,fw2009999,07-30 04:30,"/news,600196,950878040.html"
7689,14,BioNtech的疫苗如果成功上市，复星医药市值有望超越恒瑞医药浪浪科技精选20,北斗星空,07-30 02:05,"/news,600196,949799561.html"
4467,7,复星医药经营的项目和在世界制药企业的地位，知名度，以及以后的各种合作和基本可估的,専門家,07-30 02:01,"/news,600196,950504908.html"
1347,8,明日走势分析,华仪小散,07-29 23:23,"/news,600196,948973634.html"
8665,20,$复星医药(SH600196)$辉瑞（Pfizer）公司和BioNTech今天宣,游逸2,07-29 16:49,"/news,600196,950538448.html"
5679,15,复星医药今天沪股通52385万封板，孙哥助攻42294万，机构买入30846万，,龙虎社区,07-29 14:40,"/news,600196,950202181.html"
9136,21,去看看十大流通股，就能知道其实这票实际流通就200亿左右，今天有100亿站在了山,车震之王,07-29 10:24,"/news,600196,950480024.html"
5757,11,今天的量，相当于整个流通盘的20%，因为15亿是虽流通但是大股东的盘。两市成交金,红糖酥,07-28 16:38,"/news,600196,950474411.html"
2906,15,感谢复星医药老板感谢主力，无法用语言形容我的快乐，终于开始赚钱，15年后一直亏钱,仙女骑牛,07-28 14:01,"/news,600196,950051276.html"
8211,46,周末闲的没事干，我又分析了一下复星医药和恒瑞医药，这两个差不多，但是复星医药好像,天风研报金股AAA,07-28 13:13,"/news,600196,949825694.html"
8801,21,实事求是的说，德国疫苗很有可能最先在国内市场上市使用，唯一有可能跟它竞争的也就是,大树198888,07-28 01:07,"/news,600196,947832039.html"
6231,12,这么多人卖飞想周一大跌抄底。我就不信主力周五大盘跌成这样一直在护盘。周一还能直接,亏损90了,07-27 23:16,"/news,600196,949851884.html"
4379,13,［置顶］复星医药明天将高开，冲击涨停板，涨停价58.22元，复星医药为新冠瘟疫病,专炒第1个涨停板,07-27 20:40,"/news,600196,950190378.html"
7206,15,一周前叫大家低吸，结果股价不断上涨，我承认自己看错了，但是,华仪小散,07-27 16:56,"/news,600196,949847059.html"
5451,12,复星医药上上个星期就发帖提醒建仓了，不知道有没有朋友跟上我的步伐，今天截止肯定是,成都康宁路,07-27 15:14,"/news,600196,950039540.html"
8729,26,下周初走势分析,金叶1215,07-27 14:32,"/news,600196,949793127.html"
3800,13,2020年复星可能50+,xyz849563453,07-27 13:28,"/news,600196,937797762.html"
4745,9,复习下复星医药独家代理的前景。当全球公共卫生事件持续蔓延，疫苗研发潮也在持续升温,大树198888,07-27 12:30,"/news,600196,947799008.html"
8492,22,下周初复兴如何操作,华仪小散,07-26 23:44,"/news,600196,947795086.html"
9390,35,长线看好复星医药！A+H股估值3500亿元！目前A+H刚2000亿，股价再上50,暴走战神,07-26 22:40,"/news,600196,949776458.html"
8916,60,我觉得有一件事百思不得其解，复星医药2019年营收285亿，智飞生物才105亿;,天风研报金股AAA,07-26 09:54,"/news,600196,949226979.html"
5666,13,复星医药股价很快看见翻倍的景象,红马甲伍,07-26 00:00,"/news,600196,945590532.html"
16167,35,今日走势分析,华仪小散,07-24 10:59,"/news,600196,946889334.html"
4047,14,欧盟就购买新冠病毒疫苗与生物科技公司BioNTechSE进行洽谈欧盟就购买新冠病,大树198888,07-23 19:26,"/news,600196,947738129.html"
4475,19,复星医药的表现应验了这句“今天的我你爱理不理，明天我我你高攀不起。”向55元进发,南平同志,07-23 19:24,"/news,600196,948525402.html"
12237,7,牛市即将风格切换，必看建议！,巴_鲁_克,07-23 19:23,"/news,600196,947120892.html"
3942,15,复星恒瑞双雄之差距还真大！,股友eQM2xK,07-23 19:23,"/news,600196,947850677.html"
21190,54,复星医药：大跌之际，说上几句。昨天涨停，今天暴跌，这节奏太刺激了！客观的说，复星,小小散老焦,07-23 16:32,"/news,600196,947126756.html"
3987,12,如果明天9点港股复星医药高开3个点以上，抹平星期三的跌幅，,金叶1215,07-23 16:20,"/news,600196,948982755.html"
19856,125,复星医药和华东医药底仓目前仍可以继续持有，上升空间仍然较大。除非有很大把握，例如,何然静,07-23 12:36,"/news,600196,941836408.html"
7139,24,华兰生物7月14日出研报，16日跌停，细思极恐,金叶1215,07-21 11:53,"/news,600196,948086693.html"
4328,11,周一不要追高复星医药，因为很可能周一晚上美股疫苗股就跌了，哈哈,华仪小散,07-19 14:47,"/news,600196,947796036.html"
5302,12,即使不是第一个面市，但也不会差太远，也是欧盟的第一选择，因为美国自己都不够用，不,大树198888,07-19 09:21,"/news,600196,947771456.html"
2638,7,今天高点全出了，这一波从32附近加仓后成本在31附近，一直做到43附近，可以出了,老___韭菜,07-18 05:32,"/news,600196,947706596.html"
5424,65,7月14周二午市场的反应决定公告的含金量。市场没给板，更别提一字板。因此在这种情,stnqwigvr,07-17 16:24,"/news,600196,946358312.html"
4676,21,由保利地产联想到复星医药之投资所见--20200711,厦门大菜鸟,07-17 15:15,"/news,600196,945588180.html"
9754,38,复星医药：是否真的虚胖？一、国药产投双股东结构（49：51），互相制衡，无优劣之,小小散老焦,07-16 23:32,"/news,600196,934593777.html"
4082,16,今天反复打开涨停，又强势封住涨停，其实际意义远高于一直封涨到收盘，盘中似有特大资,存在活着往前走,07-16 08:53,"/news,600196,946861980.html"
2402,14,还好早上35.6跑了，医药这两天看上去不是太嗨，中报即将兑现，有种要套人的感觉，,晋级st,07-15 23:56,"/news,600196,942904088.html"
7278,33,复星医药：再谈“2020年----转折元年”质疑者一直在说复星“玩儿投资”、“业,小小散老焦,07-15 19:12,"/news,600196,936863063.html"
3117,7,顶多三天，复星医药的 BioNTech 疫苗临床试验申请即可获批，理由是……,aliella,07-15 10:41,"/news,600196,946176891.html"
3455,9,小白真多，所谓分拆上市，,寻常巷陌168,07-12 15:17,"/news,600196,945569968.html"
2242,29,比较赞同股友wigangisw老师的观点，可是对付这种肉肉的主，如果有时间有精力,stnqwigvr,07-10 23:21,"/news,600196,945037485.html"
4087,18,别拿国外的疫苗说事！复兴一开始就是赌国外疫苗进度超国内，几亿人民币搞个国内代理权,地里热吧188,07-10 17:57,"/news,600196,942637944.html"
5321,19,复宏汉霖-B(02696.HK)发布公告，公司全资子公司上海复宏汉霖生物制药有限,修身炒股行天下,07-10 02:08,"/news,600196,944325246.html"
3611,10,翻译一下biontech的报告辉瑞和BioNTech宣布正在进行的1/2期基于S,三国无双武将典韦,07-09 15:30,"/news,600196,943575142.html"
5948,50,介入600196复星医药，干！,孙立龙,07-09 14:08,"/news,600196,943067289.html"
4344,18,各位股友，“BioNTech和辉瑞制药将共同合作研制COVID-19疫苗（中国不,stnqwigvr,07-09 13:28,"/news,600196,943900802.html"
4242,15,复星医药 全球首个FDA获批的CLD相关血小板减少症TPO-RA类药物苏可欣,老丈无极,07-06 09:02,"/news,600196,943462186.html"
8028,18,其实复星医药才是正宗的新冠疫苗企业 其他的都是参股！,股友W0F9xp,07-04 22:52,"/news,600196,941846666.html"
2172,10,复星呼吸机，复星检测剂，复星疫苗，复星分红，鄙视你哪点不好！股价再压，下个月暴发,言迟总动员,07-03 20:57,"/news,600196,941201972.html"
8631,20,德国疫苗公司股价一飞冲天，59.71美元收市，二期临床可能完成了，效果应该不错，,存在活着往前走,07-02 21:34,"/news,600196,941389874.html"
6710,28,看好复星，因为其深厚底蕴和研发创新。但目前还不是上涨的时候。有粉丝问我现在能不能,风不会停息12345,07-02 10:16,"/news,600196,942540280.html"
3769,10,与复星合作的BioNtec和辉瑞的疫苗一二期结果非常积极，注射的10/30微克剂,稳稳的沉住气,07-02 09:33,"/news,600196,942617450.html"
6073,31,复星的业绩爆发期可能会是明后年，今年能站稳35－45一线即可，明后年出现戴维斯双,万事成章的龙啸云,07-02 07:15,"/news,600196,940265520.html"
16800,77,复星医药，基本面和技术背离的涨幅已经回吐。我老何，31.95区间接回来继续长线加,何然静,06-29 20:41,"/news,600196,937840693.html"
4030,26,明天跌是大概率事件，俺担心明是否破30元?反正俺集合以30元卖出604手(什么价,依然那宇宙,06-29 18:05,"/news,600196,941572480.html"
1499,8,如果说谁会更容易成为国际大公司？复星和恒瑞相比，十年或更长时间，复星概念更高。因,随风随风2021,06-29 12:52,"/news,600196,941551542.html"
4449,9,复星的复宏汉霖，投资了二十亿，现在港股市值三百亿了，后面科创板上市，估计四百亿起,修身炒股行天下,06-28 09:02,"/news,600196,941470973.html"
5848,8,中国首个新冠mRNA疫苗获批临床，来自军事科学院,一场马拉松,06-26 09:27,"/news,600196,941312384.html"
3081,13,“投资者集体接待日活动”小结,aliella,06-26 01:01,"/news,600196,940074937.html"
2771,8,复星医药的半年报才是重点，这个位置相对安全，看好的继续留守，不看好，不是有创投和,万事成章的龙啸云,06-24 21:21,"/news,600196,941235891.html"
6010,19,怎么看都觉得复星医药有可能成为未来万亿市值的药企，首先咱们把国企排除掉，他们肯定,南平同志,06-23 12:00,"/news,600196,940182061.html"
5765,16,复星医药二级市场存在巨大的争议，利用这个周末，我说说持有复星的主要理由，也顺便谈,叮当当动荡荡,06-20 23:48,"/news,600196,940082841.html"
9572,19,复星医药持有国药产业投资有限公司49%的股份，国药产业投资有限公司持有国药股份5,存在活着往前走,06-18 15:38,"/news,600196,939388125.html"
4821,33,市值被严重高估的投资公司复星医药,忙看股海,06-14 21:18,"/news,600196,936661756.html"
20955,8,今年3月与德国著名疫苗企业合作，支付8千多万欧元，里程碑式支付研发资金，己在德国,存在活着往前走,06-14 16:10,"/news,600196,938341548.html"
4058,7,加油复星！作为一个投资你的老股民，没让我失望。虽然资金也投入了一些别的股票，但比,带头涨停大哥,06-14 14:37,"/news,600196,938243065.html"
1481,9,大趋势,渝CF12CVT,06-12 15:34,"/news,600196,937667400.html"
3691,9,转自格非自媒体：1.张文杰：去年单抗受产能限制，才2000升，现已提升七倍，1.,小人物雨花石,06-06 08:54,"/news,600196,935699504.html"
2106,12,证券市场周刊：假专业or真外行？一、关于国药产投49%股份投资收益：国药产投向持,小小散老焦,06-01 09:46,"/news,600196,934589977.html"
2320,9,就凭这条“虚胖”资讯，至少短、中线行情没了,武大的兄弟,06-01 09:33,"/news,600196,934574859.html"
5353,14,国药集团中国生物武汉生物制品研究所研发的新冠灭活疫苗已经完成Ⅰ-Ⅱ期临床试验，生,阿米尔买买提,05-31 18:34,"/news,600196,934465714.html"
4457,21,大胆猜猜：阿达木单抗十天内获批！参照利妥昔的申报受理、纳入优评、获批上市的时间看,小小散老焦,05-26 16:46,"/news,600196,932926508.html"
5421,8,据中泰证券研报，国内除了已进入临床的四家企业外，还有包括中生集团、智飞生物、康泰,股海修缠,05-25 10:13,"/news,600196,932577945.html"
3556,15,医药行业是未来几十年最好的赛道随着人均寿命越来越长，医药行业会有巨大的潜力。可以,我只是个投资妹,05-25 07:44,"/news,600196,932648833.html"
3046,7,下图复兴医药周线调整有些内似2013年5月，调整可能会比较深但不会改变趋势创新药,超级大牛市,05-24 23:03,"/news,600196,932677273.html"